Rk,Name,Age,Tm,Lg,G,PA,AB,R,H,2B,3B,HR,RBI,SB,CS,BB,SO,BA,OBP,SLG,OPS,OPS+,TB,GDP,HBP,SH,SF,IBB,Pos Summary,Name-additional
1,CJ Abrams*,22,WSN,NL,36,130,120,13,28,4,2,2,17,4,2,6,29,.233,.287,.350,.637,80,42,2,3,1,0,0,*6/H,abramcj01
2,José Abreu,36,HOU,AL,38,160,150,9,32,6,0,0,14,0,0,9,35,.213,.263,.253,.516,44,38,4,1,0,0,1,*3/D,abreujo02
3,Ronald Acuna Jr.,25,ATL,NL,39,178,152,34,52,12,0,7,22,17,2,23,24,.342,.433,.559,.992,167,85,3,2,0,1,2,*9,acunaro01
4,Willy Adames,27,MIL,NL,39,168,142,20,32,4,0,7,23,3,1,20,39,.225,.319,.401,.721,99,57,5,1,0,3,0,*6/D,adamewi01
5,Riley Adams,27,WSN,NL,6,25,23,2,5,1,0,1,5,0,0,1,7,.217,.250,.391,.641,79,9,2,0,1,0,0,/2,adamsri03
6,Ehire Adrianza#,33,ATL,NL,5,11,10,0,0,0,0,0,0,0,0,1,4,.000,.091,.000,.091,-72,0,0,0,0,0,0,/H6,adriaeh01
7,Jesús Aguilar,33,OAK,AL,31,100,89,8,22,2,0,5,9,0,0,8,26,.247,.313,.438,.751,114,39,2,1,0,1,2,3/DH,aguilje01
8,Nick Ahmed,33,ARI,NL,25,76,72,8,19,3,0,1,9,3,0,4,12,.264,.303,.347,.650,80,25,0,0,0,0,0,6/HD,ahmedni01
9,Hanser Alberto,30,CHW,AL,20,61,55,9,14,4,0,3,12,0,0,3,9,.255,.300,.491,.791,113,27,1,1,1,1,0,5/431H,alberha01
10,Ozzie Albies#,26,ATL,NL,39,163,153,16,40,7,1,9,27,1,0,7,25,.261,.301,.497,.797,112,76,4,2,0,1,1,*4,albieoz01
11,Scott Alexander*,33,SFG,NL,1,0,0,0,0,0,0,0,0,0,0,0,0,,,,,,0,0,0,0,0,0,1,alexasc02
12,Nick Allen,24,OAK,AL,20,54,49,5,7,1,0,0,1,0,0,3,10,.143,.192,.163,.356,4,8,2,0,2,0,0,6/H4,allenni02
13,Pete Alonso,28,NYM,NL,39,166,145,25,34,3,0,13,31,0,0,20,38,.234,.331,.524,.855,134,76,4,1,0,0,0,*3/D,alonspe01
14,Jake Alu*,26,WSN,NL,2,8,7,0,1,0,0,0,0,1,0,1,3,.143,.250,.143,.393,16,1,0,0,0,0,0,/7,aluja01
15,Francisco Álvarez,21,NYM,NL,22,69,65,7,15,3,0,3,6,0,0,4,19,.231,.275,.415,.691,89,27,2,0,0,0,0,2/H,alvarfr01
16,Yordan Alvarez*,26,HOU,AL,33,143,121,20,34,7,0,9,35,0,0,17,33,.281,.385,.562,.947,157,68,1,4,0,1,1,D7,alvaryo01
17,Miguel Amaya,24,CHC,NL,6,17,13,0,3,0,0,0,2,0,0,0,2,.231,.313,.231,.543,53,3,1,2,1,1,0,/2H,amayami01
18,Brian Anderson,30,MIL,NL,38,152,133,20,33,5,1,5,21,0,3,16,42,.248,.329,.414,.742,105,55,4,1,0,2,0,59/DH,anderbr06
19,Tim Anderson,30,CHW,AL,22,97,91,13,24,5,0,0,5,5,0,6,19,.264,.309,.319,.628,74,29,3,0,0,0,0,6/H,anderti01
20,Elvis Andrus,34,CHW,AL,39,151,134,11,27,4,0,1,13,5,1,12,26,.201,.280,.254,.534,49,34,0,3,1,1,1,64,andruel01
21,Miguel Andujar,28,PIT,NL,12,33,31,2,5,1,0,2,6,0,0,2,5,.161,.212,.387,.599,61,12,0,0,0,0,0,/9HD,andujmi01
22,Orlando Arcia,28,ATL,NL,18,68,63,11,20,5,0,2,8,0,0,4,15,.317,.368,.492,.860,131,31,3,1,0,0,0,6,arciaor01
23,Nolan Arenado,32,STL,NL,38,167,155,19,39,4,1,5,22,1,1,11,33,.252,.299,.387,.686,91,60,6,0,0,1,1,*5/DH,arenano01
24,Gabriel Arias,23,CLE,AL,26,61,55,2,10,2,0,1,1,0,1,6,26,.182,.262,.273,.535,51,15,1,0,0,0,0,/3H695D4,ariasga01
25,Randy Arozarena,28,TBR,AL,39,170,146,27,48,5,1,10,34,3,4,17,39,.329,.412,.582,.994,180,85,3,5,0,2,0,*7/DH,arozara01
26,Luis Arraez*,26,MIA,NL,36,147,132,14,50,7,1,1,14,1,1,13,9,.379,.435,.470,.905,151,62,4,1,0,1,3,*4/3HD,arraelu01
27,Christian Arroyo,28,BOS,AL,27,79,74,12,19,5,0,1,11,1,0,4,17,.257,.295,.365,.660,78,27,3,0,1,0,0,4/H65,arroych01
28,José Azocar,27,SDP,NL,20,45,41,6,10,2,0,0,1,5,0,1,8,.244,.262,.293,.555,57,12,0,0,3,0,0,9/H8,azocajo01
29,Akil Baddoo*,24,DET,AL,27,90,79,9,19,5,0,0,3,3,1,10,22,.241,.326,.304,.630,79,24,1,0,1,0,1,7/H98D,baddoak01
30,Harrison Bader,29,NYY,AL,11,41,38,8,13,0,2,3,11,0,1,2,3,.342,.390,.684,1.074,191,26,0,1,0,0,0,8/H,baderha01
31,Ji Hwan Bae*,23,PIT,NL,37,113,103,18,25,3,0,2,9,14,3,7,28,.243,.297,.330,.627,74,34,1,1,2,0,0,84/H6,baeji01
32,Javier Báez,30,DET,AL,36,147,133,16,34,6,0,3,16,3,0,8,25,.256,.315,.368,.683,92,49,5,4,0,1,0,*6/DH,baezja01
33,Bryan Baker,28,BAL,AL,1,0,0,0,0,0,0,0,0,0,0,0,0,,,,,,0,0,0,0,0,0,1,bakerbr01
34,Rylan Bannon,27,HOU,AL,2,6,6,0,0,0,0,0,0,0,0,0,3,.000,.000,.000,.000,-100,0,0,0,0,0,0,/4D,bannory01
35,Austin Barnes,33,LAD,NL,19,63,54,3,5,1,0,0,3,2,1,8,18,.093,.206,.111,.317,-11,6,1,0,0,1,0,2/H,barneau01
36,Tucker Barnhart*,32,CHC,NL,19,53,47,1,10,1,0,0,3,0,0,4,17,.213,.283,.234,.517,45,11,2,1,0,1,0,2/H,barnhtu01
37,Tres Barrera,28,STL,NL,2,0,0,0,0,0,0,0,0,0,0,0,0,,,,,,0,0,0,0,0,0,/2,barretr01
38,Jose Barrero,25,CIN,NL,31,104,94,10,21,7,0,1,11,3,2,9,30,.223,.288,.330,.618,63,31,1,0,0,1,0,6/8DH,garcijo02
39,Joey Bart,26,SFG,NL,22,70,65,6,16,4,0,0,3,0,0,2,18,.246,.300,.308,.608,69,20,0,3,0,0,0,2/H,bartjo01
40,Brett Baty*,23,NYM,NL,21,75,67,7,16,3,0,2,6,0,0,7,15,.239,.320,.373,.693,93,25,2,1,0,0,0,5/H,batybr01
41,Jake Bauers*,27,NYY,AL,10,25,21,4,6,0,0,2,4,0,0,3,9,.286,.360,.571,.931,154,12,0,0,0,1,0,/79HD,bauerja01
42,Matt Beaty*,30,SFG,NL,4,5,5,1,1,0,0,0,1,0,0,0,2,.200,.200,.200,.400,11,1,0,0,0,0,0,/DH1,beatyma01
43,Josh Bell#,30,CLE,AL,38,161,135,7,30,9,0,3,18,0,1,25,32,.222,.342,.356,.697,97,48,1,0,0,1,1,D3,belljo02
44,Cody Bellinger*,27,CHC,NL,36,160,141,28,38,9,1,7,20,9,2,14,31,.270,.338,.496,.834,126,70,2,2,0,3,1,*8,bellico01
45,Brandon Belt*,35,TOR,AL,25,92,81,11,18,8,0,2,8,0,0,10,39,.222,.315,.395,.710,98,32,2,1,0,0,0,D/3,beltbr01
46,Anthony Bemboom*,33,BAL,AL,2,3,2,0,0,0,0,0,0,0,0,1,0,.000,.333,.000,.333,6,0,0,0,0,0,0,/2,bemboan01
47,Andrew Benintendi*,28,CHW,AL,37,156,144,20,38,9,0,0,9,5,0,11,24,.264,.321,.326,.647,80,47,1,1,0,0,3,*7/DH,beninan01
48,Will Benson*,25,CIN,NL,8,21,20,0,1,0,0,0,0,0,0,1,12,.050,.095,.050,.145,-60,1,0,0,0,0,0,/79H,bensowi01
49,Jon Berti,33,MIA,NL,36,125,113,16,30,5,0,2,8,6,3,9,23,.265,.317,.363,.680,88,41,2,0,2,1,0,6/54H,bertijo01
50,Christian Bethancourt,31,TBR,AL,25,91,84,13,19,5,0,6,14,0,0,5,25,.226,.267,.500,.767,112,42,2,0,1,1,0,2/DH,bethach01
51,Mookie Betts,30,LAD,NL,38,169,144,25,36,11,0,8,22,1,1,23,32,.250,.355,.493,.848,126,71,1,1,0,1,0,*9/46H,bettsmo01
52,Bo Bichette,25,TOR,AL,39,176,166,26,54,9,0,8,26,1,2,9,28,.325,.364,.524,.888,145,87,2,1,0,0,0,*6/D,bichebo01
53,Cavan Biggio*,28,TOR,AL,21,62,58,7,8,1,0,2,4,1,0,3,24,.138,.194,.259,.452,26,15,0,1,0,0,0,4/9H3D5,biggica01
54,Charlie Blackmon*,36,COL,NL,35,152,127,17,35,8,0,3,14,0,1,17,19,.276,.375,.409,.784,105,52,2,5,0,3,0,D9/H,blackch02
55,JJ Bleday*,25,OAK,AL,11,39,37,7,12,3,0,3,3,0,0,2,8,.324,.359,.649,1.008,182,24,0,0,0,0,0,/97H8D,bledajj01
56,Xander Bogaerts,30,SDP,NL,39,170,147,23,39,6,0,6,15,4,0,19,26,.265,.359,.429,.787,123,63,6,3,0,1,0,*6/D,bogaexa01
57,Alec Bohm,26,PHI,NL,39,160,145,18,39,7,0,4,28,2,1,13,27,.269,.338,.400,.738,104,58,7,2,0,0,0,*35/D,bohmal01
58,Jackie Bradley Jr.*,33,KCR,AL,30,78,71,8,12,5,0,0,4,0,0,5,16,.169,.244,.239,.483,35,17,1,2,0,0,0,*89/7H,bradlja02
59,Matt Brash,25,SEA,AL,1,0,0,0,0,0,0,0,0,0,0,0,0,,,,,,0,0,0,0,0,0,1,brashma01
60,Alex Bregman,29,HOU,AL,39,174,148,20,30,4,1,4,16,0,0,25,17,.203,.322,.324,.646,79,48,5,1,0,0,0,*5/D,bregmal01
61,Will Brennan*,25,CLE,AL,33,86,80,9,16,4,0,1,10,3,0,3,16,.200,.244,.288,.532,49,23,0,2,0,1,0,9H/87,brennwi02
62,Mike Brosseau,29,MIL,NL,20,58,54,3,12,2,0,3,7,0,0,4,13,.222,.276,.426,.702,91,23,1,0,0,0,0,5/HD,brossmi01
63,Seth Brown*,30,OAK,AL,8,32,30,2,6,2,0,1,2,1,0,2,8,.200,.250,.367,.617,75,11,0,0,0,0,0,/7D,brownse01
64,Vidal Bruján#,25,TBR,AL,11,21,20,5,5,0,0,0,3,0,1,0,7,.250,.286,.250,.536,55,5,1,1,0,0,0,/H9465,brujavi01
65,Kris Bryant,31,COL,NL,37,159,142,15,42,5,0,5,13,0,0,14,30,.296,.371,.437,.808,110,62,2,3,0,0,0,*9D/7,bryankr01
66,J.B. Bukauskas,26,SEA,AL,1,0,0,0,0,0,0,0,0,0,0,0,0,,,,,,0,0,0,0,0,0,/1,bukaujb01
67,Peyton Burdick,26,MIA,NL,7,19,16,3,4,2,0,1,2,1,0,3,6,.250,.368,.563,.931,153,9,0,0,0,0,0,/98H7,burdipe01
68,Jake Burger,27,CHW,AL,23,77,67,11,15,5,0,7,14,0,0,7,24,.224,.312,.612,.924,147,41,1,2,0,1,0,5/DH3,burgeja01
69,Alec Burleson*,24,STL,NL,28,98,89,10,19,5,1,3,9,0,0,5,11,.213,.263,.393,.656,81,35,4,1,1,0,0,7/9HD3,burleal01
70,Michael Busch*,25,LAD,NL,7,23,19,5,4,0,0,0,2,1,0,4,9,.211,.348,.211,.558,56,4,0,0,0,0,0,/5DH47,buschmi02
71,Byron Buxton,29,MIN,AL,36,153,130,22,28,7,1,8,19,2,0,21,44,.215,.327,.469,.796,119,61,1,1,0,1,1,*D/H,buxtoby01
72,Jose Caballero,26,SEA,AL,17,48,43,8,12,3,0,0,4,3,0,3,11,.279,.333,.349,.682,94,15,0,1,0,1,0,4/6H5D,cabaljo01
73,Génesis Cabrera*,26,STL,NL,1,0,0,0,0,0,0,0,0,0,0,0,0,,,,,,0,0,0,0,0,0,1,cabrege01
74,Miguel Cabrera,40,DET,AL,20,76,71,2,13,3,0,0,4,0,0,5,16,.183,.237,.225,.462,32,16,3,0,0,0,0,D/H,cabremi01
75,Oswaldo Cabrera#,24,NYY,AL,35,124,114,11,23,5,0,2,13,5,0,6,24,.202,.244,.298,.542,50,34,5,1,1,2,1,*79/543H6,cabreos01
76,Willie Calhoun*,28,NYY,AL,20,64,58,5,14,2,0,2,6,0,0,5,9,.241,.297,.379,.676,87,22,2,0,0,1,0,D/9H,calhowi01
77,Alex Call,28,WSN,NL,36,147,126,17,30,5,0,3,16,3,2,17,29,.238,.333,.349,.683,95,44,0,2,0,2,0,*7/8H9,callal02
78,Luis Campusano,24,SDP,NL,7,22,21,3,5,1,0,1,2,0,0,0,6,.238,.227,.429,.656,81,9,1,0,0,1,0,/2,campulu01
79,Jeimer Candelario#,29,WSN,NL,36,154,142,13,30,8,0,4,14,0,0,8,33,.211,.260,.352,.612,72,50,1,2,0,2,0,*5,candeje01
80,Mark Canha,34,NYM,NL,35,136,119,16,26,8,0,3,10,2,0,12,25,.218,.294,.361,.655,82,43,3,2,0,3,0,7/D3H59,canhama01
81,Yennier Cano,29,BAL,AL,1,0,0,0,0,0,0,0,0,0,0,0,0,,,,,,0,0,0,0,0,0,1,canoye01
82,Conner Capel*,26,OAK,AL,26,75,66,4,17,4,0,0,3,4,3,9,22,.258,.347,.318,.665,94,21,1,0,0,0,0,9/7HD,capelco01
83,Victor Caratini#,29,MIL,NL,13,48,40,5,12,0,0,2,6,0,0,7,8,.300,.417,.450,.867,141,18,2,1,0,0,0,2,caratvi01
84,Dylan Carlson#,24,STL,NL,31,107,99,12,22,4,1,2,12,1,0,6,22,.222,.271,.343,.614,71,34,2,1,0,1,0,*8/7HD,carlsdy01
85,Kerry Carpenter*,25,DET,AL,20,75,69,8,15,5,0,4,8,0,0,5,22,.217,.280,.464,.744,105,32,1,1,0,0,0,9/D7H,carpeke01
86,Matt Carpenter*,37,SDP,NL,30,96,79,7,16,6,0,3,17,0,0,13,30,.203,.316,.392,.708,100,31,1,1,0,2,0,D/3H,carpema01
87,Corbin Carroll*,22,ARI,NL,37,142,127,24,36,9,1,5,11,10,2,12,31,.283,.355,.488,.843,131,62,1,2,1,0,0,*798/DH,carroco02
88,Curt Casali,34,CIN,NL,20,45,38,3,6,0,0,0,0,0,0,4,11,.158,.273,.158,.431,18,6,0,2,1,0,0,2/35,casalcu01
89,Triston Casas*,23,BOS,AL,34,124,101,18,19,4,0,5,14,0,0,21,32,.188,.323,.376,.699,89,38,3,0,0,2,0,*3/H,casastr01
90,Nick Castellanos,31,PHI,NL,39,163,151,30,49,14,0,5,25,1,2,12,42,.325,.374,.517,.891,144,78,2,0,0,0,0,*9/D,casteni01
91,Harold Castro*,29,COL,NL,23,66,60,7,14,3,0,0,9,0,0,3,9,.233,.262,.283,.545,42,17,2,0,1,2,0,4/87H5D1,castrha01
92,Miguel Castro,28,ARI,NL,1,0,0,0,0,0,0,0,0,0,0,0,0,,,,,,0,0,0,0,0,0,1,castrmi01
93,Rodolfo Castro#,24,PIT,NL,37,117,99,11,25,5,0,4,14,1,3,13,31,.253,.359,.424,.783,116,42,1,4,0,1,0,64/H5,castrro01
94,Willi Castro#,26,MIN,AL,28,58,51,9,10,4,0,1,4,2,2,5,16,.196,.293,.333,.626,75,17,1,2,0,0,0,7H/569481,castrwi01
95,Jake Cave*,30,PHI,NL,20,70,63,3,14,4,0,1,9,3,0,6,16,.222,.286,.333,.619,71,21,2,0,0,1,0,7/9H,caveja01
96,Andrew Chafin,33,ARI,NL,3,0,0,0,0,0,0,0,0,0,0,0,0,,,,,,0,0,0,0,0,0,1,chafian01
97,Yu Chang,27,BOS,AL,17,47,44,5,6,0,0,3,8,1,0,1,12,.136,.174,.341,.515,35,15,1,1,1,0,0,6/4H5D,changyu01
98,Matt Chapman,30,TOR,AL,38,161,141,20,46,17,0,5,22,1,2,18,42,.326,.410,.553,.963,167,78,0,2,0,0,1,*5/D,chapmma01
99,Michael Chavis,27,WSN,NL,12,26,24,2,6,0,0,0,1,0,0,2,7,.250,.308,.250,.558,61,6,0,0,0,0,0,/45H,chavimi01
100,Jazz Chisholm Jr.*,25,MIA,NL,39,159,144,16,33,2,1,7,16,14,2,12,52,.229,.291,.403,.694,89,58,1,1,1,1,0,*8/H,chishja01
101,Ji Man Choi*,32,PIT,NL,9,32,32,3,4,1,0,2,2,0,0,0,15,.125,.125,.344,.469,23,11,1,0,0,0,0,/D3H,choiji01
102,Kody Clemens*,27,PHI,NL,13,39,37,5,7,1,0,3,6,0,0,2,10,.189,.231,.459,.690,85,17,0,0,0,0,0,3/1HD6,clemeko01
103,Oscar Colás*,24,CHW,AL,25,84,76,8,16,2,0,1,7,2,1,5,20,.211,.265,.276,.541,50,21,1,1,1,1,0,9/H8D,colasos01
104,Michael Conforto*,30,SFG,NL,35,136,115,21,22,2,0,6,13,1,0,19,37,.191,.316,.365,.681,88,42,4,2,0,0,0,*9/DH,confomi01
105,William Contreras,25,MIL,NL,31,127,109,14,29,7,0,3,11,0,0,17,23,.266,.370,.413,.783,117,45,5,1,0,0,0,*2/DH,contrwi02
106,Willson Contreras,31,STL,NL,38,154,136,19,36,11,0,3,18,2,1,16,33,.265,.344,.412,.756,111,56,6,1,0,1,0,*2D/H,contrwi01
107,Garrett Cooper,32,MIA,NL,24,98,92,5,25,2,1,3,13,0,0,4,29,.272,.306,.413,.719,97,38,4,1,0,1,0,3/D,coopega03
108,Franchy Cordero*,28,NYY,AL,18,55,53,6,8,1,0,4,11,0,0,2,20,.151,.182,.396,.578,55,21,0,0,0,0,0,9/7H,cordefr02
109,Carlos Correa,28,MIN,AL,36,156,140,12,28,8,1,6,21,0,0,15,35,.200,.276,.400,.676,86,56,6,0,0,1,1,*6,correca01
110,Danny Coulombe*,33,BAL,AL,1,0,0,0,0,0,0,0,0,0,0,0,0,,,,,,0,0,0,0,0,0,1,couloda01
111,Brandon Crawford*,36,SFG,NL,22,78,71,6,12,1,0,4,10,3,0,7,22,.169,.244,.352,.596,62,25,3,0,0,0,0,6,crawfbr01
112,J.P. Crawford*,28,SEA,AL,37,141,115,21,28,8,0,1,16,1,0,25,29,.243,.379,.339,.718,106,39,4,0,1,0,0,*6/H,crawfjp01
113,Kutter Crawford,27,BOS,AL,1,0,0,1,0,0,0,0,0,0,0,0,0,,,,,,0,0,0,0,0,0,/1H,crawfku01
114,C.J. Cron,33,COL,NL,35,146,134,19,31,9,0,6,19,0,0,10,35,.231,.281,.433,.714,82,58,8,0,0,2,0,*3,croncj01
115,Jake Cronenworth*,29,SDP,NL,39,162,135,17,30,8,2,3,14,2,0,21,33,.222,.335,.378,.713,102,51,3,3,0,2,1,*3/4,croneja01
116,Nelson Cruz,42,SDP,NL,27,88,85,7,23,4,1,3,16,1,0,1,26,.271,.284,.447,.731,104,38,1,1,0,1,0,D/H3,cruzne02
117,Oneil Cruz*,24,PIT,NL,9,40,32,7,8,1,0,1,4,3,0,7,8,.250,.375,.375,.750,109,12,0,0,0,1,0,/6,cruzon01
118,Travis d'Arnaud,34,ATL,NL,10,40,38,3,12,3,0,0,5,0,0,1,8,.316,.350,.395,.745,102,15,1,1,0,0,0,/2D,darnatr01
119,David Dahl*,29,SDP,NL,4,9,9,1,1,0,0,1,1,0,0,0,2,.111,.111,.444,.556,48,4,0,0,0,0,0,/9H,dahlda01
120,Bobby Dalbec,28,BOS,AL,8,13,11,1,2,0,0,0,0,1,0,2,7,.182,.308,.182,.490,38,2,0,0,0,0,0,/H345D6,dalbebo01
121,J.D. Davis,30,SFG,NL,36,136,120,13,36,3,0,7,22,0,0,11,34,.300,.368,.500,.868,137,60,8,3,0,2,0,*5/H3D,davisjd01
122,Yonathan Daza,29,COL,NL,24,80,74,8,20,6,0,0,7,1,0,3,13,.270,.304,.351,.655,70,26,5,1,1,1,0,8/H9,dazayo01
123,Bryan De La Cruz,26,MIA,NL,36,137,128,12,34,6,0,3,12,1,0,8,42,.266,.307,.383,.689,89,49,3,0,0,1,0,*7/8H,delacbr01
124,Paul DeJong,29,STL,NL,15,55,50,8,16,3,0,3,6,1,0,5,14,.320,.382,.560,.942,160,28,1,0,0,0,0,6/H,dejonpa01
125,Jason Delay,28,PIT,NL,20,60,53,7,18,4,1,1,8,0,0,4,9,.340,.390,.509,.899,146,27,2,1,1,1,0,2,delayja01
126,Rafael Devers*,26,BOS,AL,39,167,153,23,38,10,0,11,36,0,0,10,34,.248,.299,.529,.829,119,81,4,2,0,2,2,*5/H,deverra01
127,Aledmys Díaz,32,OAK,AL,25,93,85,7,13,2,0,1,6,1,0,6,20,.153,.226,.212,.438,27,18,5,2,0,0,0,5/643DH,diazal02
128,Alexis Díaz,26,CIN,NL,1,0,0,0,0,0,0,0,0,0,0,0,0,,,,,,0,0,0,0,0,0,1,diazal03
129,Elias Díaz,32,COL,NL,35,126,113,14,37,6,0,3,18,0,0,10,23,.327,.381,.460,.841,118,52,3,1,0,2,0,*2/H,diazel01
130,Jordan Diaz,22,OAK,AL,19,56,55,6,14,1,0,4,8,0,0,0,13,.255,.268,.491,.759,112,27,1,1,0,0,0,4/HD,diazjo03
131,Yainer Diaz,24,HOU,AL,15,48,42,5,9,3,0,0,3,0,0,2,11,.214,.250,.286,.536,48,12,0,1,0,3,0,2/HD3,diazya02
132,Yandy Díaz,31,TBR,AL,38,167,139,32,44,7,0,10,24,0,0,23,25,.317,.425,.583,1.008,184,81,6,4,0,1,0,*3/5DH,diazya01
133,Corey Dickerson*,34,WSN,NL,2,4,3,0,0,0,0,0,0,0,0,1,2,.000,.250,.000,.250,-20,0,0,0,0,0,0,/7H,dickeco01
134,Brandon Dixon,31,SDP,NL,5,12,12,1,2,0,0,0,0,0,0,0,8,.167,.167,.167,.333,-5,2,0,0,0,0,0,/93D1H,dixonbr01
135,Josh Donaldson,37,NYY,AL,5,17,16,2,2,0,0,1,1,0,0,1,6,.125,.176,.313,.489,32,5,0,0,0,0,0,/5,donaljo02
136,Brendan Donovan*,26,STL,NL,34,119,107,14,29,3,0,3,10,2,0,9,20,.271,.336,.383,.719,101,41,1,2,0,1,1,4/37H596,donovbr01
137,Jeter Downs,24,WSN,NL,1,2,1,0,0,0,0,0,0,0,0,1,1,.000,.500,.000,.500,59,0,0,0,0,0,0,/6,downsje01
138,Brenton Doyle,25,COL,NL,15,44,41,7,8,1,0,1,5,5,0,3,16,.195,.250,.293,.543,41,12,0,0,0,0,0,8/H,doylebr02
139,Hunter Dozier,31,KCR,AL,26,81,73,6,14,2,1,1,7,2,0,8,26,.192,.272,.288,.559,55,21,0,0,0,0,0,5/397HD,doziehu01
140,Brandon Drury,30,LAA,AL,37,144,134,17,31,7,2,7,22,0,1,6,45,.231,.264,.470,.734,96,63,4,1,0,3,0,43/H,drurybr01
141,Mauricio Dubón,28,HOU,AL,33,143,137,22,40,8,1,0,8,3,0,4,18,.292,.315,.365,.680,87,50,8,1,0,1,0,*4,dubonma01
142,Matt Duffy,32,KCR,AL,21,59,54,5,18,3,0,1,6,0,0,4,13,.333,.373,.444,.817,126,24,1,0,0,1,0,5/4H,duffyma01
143,Ezequiel Duran,24,TEX,AL,32,113,108,15,32,6,0,5,19,2,2,1,29,.296,.327,.491,.818,124,53,1,4,0,0,0,6/74DH59,duranez01
144,Jarren Duran*,26,BOS,AL,24,95,84,14,30,12,0,2,16,6,0,7,23,.357,.411,.571,.982,163,48,1,2,0,2,0,8/7H,duranja01
145,Adam Duvall,34,BOS,AL,8,37,33,11,15,5,1,4,14,0,0,3,5,.455,.514,1.030,1.544,305,34,0,1,0,0,0,/8,duvalad01
146,Nate Eaton,26,KCR,AL,18,40,38,1,2,0,0,0,0,2,0,2,18,.053,.100,.053,.153,-56,2,0,0,0,0,0,/78H95D1,eatonna01
147,Tommy Edman#,28,STL,NL,37,137,122,17,29,5,1,5,15,3,1,11,21,.238,.304,.418,.722,100,51,3,1,2,1,1,64/H,edmanto01
148,Xavier Edwards#,23,MIA,NL,3,6,6,1,1,0,0,0,0,0,0,0,1,.167,.167,.167,.333,-7,1,0,0,0,0,0,/4H,edwarxa01
149,Adam Engel,31,SDP,NL,3,4,4,0,0,0,0,0,0,0,0,0,2,.000,.000,.000,.000,-100,0,0,0,0,0,0,/87H,engelad01
150,Eduardo Escobar#,34,NYM,NL,21,71,65,8,11,2,1,3,9,0,0,4,16,.169,.214,.369,.584,59,24,1,0,1,1,0,5/4DH,escobed01
151,Santiago Espinal,28,TOR,AL,20,66,59,7,9,1,0,1,7,1,1,5,11,.153,.231,.220,.451,28,13,1,1,1,0,0,4/5H6,espinsa01
152,Thairo Estrada,27,SFG,NL,37,161,149,26,46,7,0,6,14,11,3,8,35,.309,.360,.477,.837,129,71,2,4,0,0,0,46/7,estrath01
153,Stuart Fairchild,27,CIN,NL,35,86,70,13,16,5,1,1,8,3,2,11,24,.229,.353,.371,.724,92,26,0,3,1,1,0,*7H/98D,faircst01
154,Kyle Farmer,32,MIN,AL,15,50,44,9,11,1,0,2,6,0,0,3,13,.250,.320,.409,.729,102,18,0,2,0,1,0,/465H,farmeky01
155,Caleb Ferguson,26,LAD,NL,1,0,0,0,0,0,0,0,0,0,0,0,0,,,,,,0,0,0,0,0,0,1,ferguca01
156,Freddy Fermin,28,KCR,AL,11,29,27,4,9,0,1,3,5,0,0,2,6,.333,.379,.741,1.120,200,20,0,0,0,0,0,2/H,fermifr01
157,David Fletcher,29,LAA,AL,8,16,16,0,2,0,0,0,1,0,0,0,3,.125,.125,.125,.250,-31,2,0,0,0,0,0,/6H,fletcda02
158,Dominic Fletcher*,25,ARI,NL,12,43,39,5,18,3,1,2,13,0,1,2,6,.462,.488,.744,1.231,236,29,0,0,2,0,0,/987,fletcdo01
159,Wilmer Flores,31,SFG,NL,31,109,101,13,25,5,0,6,12,0,0,8,17,.248,.303,.475,.778,111,48,4,0,0,0,0,3/HD54,florewi01
160,Estevan Florial*,25,NYY,AL,1,0,0,0,0,0,0,0,0,0,0,0,0,,,,,,0,0,0,0,0,0,/8H,flories01
161,Nick Fortes,26,MIA,NL,25,75,70,6,14,0,0,1,5,1,1,5,17,.200,.253,.243,.496,38,17,2,0,0,0,0,2/HD,forteni01
162,Jake Fraley*,28,CIN,NL,35,121,104,15,28,5,0,5,28,4,1,15,26,.269,.364,.462,.825,117,48,2,1,0,1,1,*79/HD,fraleja01
163,Ty France,28,SEA,AL,39,166,145,22,40,10,0,2,19,1,0,13,21,.276,.361,.386,.748,112,56,6,7,0,1,0,*3/H,francty01
164,Wander Franco#,22,TBR,AL,39,173,158,24,48,15,0,7,23,12,4,12,27,.304,.358,.532,.890,150,84,4,2,0,1,1,*6/D,francwa01
165,Adam Frazier*,31,BAL,AL,38,128,111,20,25,5,0,3,14,6,3,17,13,.225,.328,.351,.679,91,39,1,0,0,0,0,*4/H9D,fraziad01
166,Freddie Freeman*,33,LAD,NL,40,180,158,33,48,13,0,7,20,5,1,20,32,.304,.378,.519,.897,139,82,2,0,0,2,3,*3,freemfr01
167,Tyler Freeman,24,CLE,AL,5,12,11,2,4,1,0,0,0,0,0,1,1,.364,.417,.455,.871,146,5,0,0,0,0,0,/DH456,freemty01
168,TJ Friedl*,27,CIN,NL,37,138,124,13,38,5,3,3,18,4,0,7,29,.306,.351,.468,.818,114,58,0,2,4,1,0,*87/H9,friedtj01
169,David Fry,27,CLE,AL,4,7,6,0,1,0,0,0,0,0,0,1,1,.167,.286,.167,.452,32,1,0,0,0,0,0,/2H35D,fryda01
170,Cam Gallagher,30,CLE,AL,15,42,39,0,2,1,0,0,2,0,0,2,10,.051,.119,.077,.196,-43,3,0,1,0,0,0,2,gallaca01
171,Joey Gallo*,29,MIN,AL,30,102,86,16,18,5,1,8,19,0,0,15,34,.209,.333,.570,.903,146,49,1,1,0,0,0,3/79H8,gallojo01
172,Adolis García,30,TEX,AL,38,165,144,28,35,5,0,9,37,3,0,15,40,.243,.309,.465,.774,112,67,2,1,0,5,0,*9/8DH,garciad02
173,Avisaíl García,32,MIA,NL,22,76,69,6,13,1,0,3,8,1,0,3,23,.188,.243,.333,.577,58,23,0,2,0,0,0,9/7DH,garciav01
174,Luis García*,23,WSN,NL,33,136,124,15,32,5,1,3,16,2,1,10,13,.258,.309,.387,.696,96,48,3,0,0,2,0,*4/H,garcilu04
175,Maikel Garcia,23,KCR,AL,10,43,38,4,9,3,0,0,7,2,0,3,8,.237,.279,.316,.595,65,12,0,0,0,2,0,/546,garcima01
176,Kyle Garlick,31,MIN,AL,3,7,7,1,1,0,0,1,1,0,0,0,2,.143,.143,.571,.714,86,4,0,0,0,0,0,/D7H9,garliky01
177,Stone Garrett,27,WSN,NL,16,64,59,13,17,3,0,1,7,1,0,4,20,.288,.333,.390,.723,105,23,1,0,0,0,0,7/D,garrest01
178,Mitch Garver,32,TEX,AL,6,22,19,4,5,0,0,2,6,0,0,3,7,.263,.364,.579,.943,157,11,0,0,0,0,0,/2D,garvemi01
179,Ian Gibaut,29,CIN,NL,1,0,0,0,0,0,0,0,0,0,0,0,0,,,,,,0,0,0,0,0,0,1,gibauia01
180,Logan Gillaspie,26,BAL,AL,1,0,0,0,0,0,0,0,0,0,0,0,0,,,,,,0,0,0,0,0,0,/1,gillalo01
181,Andrés Giménez*,24,CLE,AL,37,148,134,22,31,7,1,3,9,6,1,7,27,.231,.299,.366,.665,86,49,2,6,1,0,1,*4,gimenan01
182,Paul Goldschmidt,35,STL,NL,39,176,155,26,48,14,0,7,20,5,0,19,33,.310,.392,.535,.928,157,83,5,2,0,0,0,*3/D,goldspa01
183,Yan Gomes,35,CHC,NL,21,79,74,12,24,1,0,6,16,1,0,3,10,.324,.354,.581,.936,152,43,2,1,0,1,0,2/H,gomesya01
184,Oscar Gonzalez,25,CLE,AL,25,75,73,5,14,2,1,1,5,0,0,2,15,.192,.213,.288,.501,40,21,0,0,0,0,0,9/HD,gonzaos01
185,Romy González,26,CHW,AL,21,36,36,2,5,0,1,0,1,1,0,0,14,.139,.139,.194,.333,-9,7,0,0,0,0,0,/4H97D5,gonzaro01
186,Victor González*,27,LAD,NL,1,0,0,0,0,0,0,0,0,0,0,0,0,,,,,,0,0,0,0,0,0,/1,gonzavi02
187,Nick Gordon*,27,MIN,AL,31,85,83,11,13,3,1,2,5,0,0,1,9,.157,.167,.289,.456,24,24,1,0,1,0,0,847H/6,gordoni01
188,Nolan Gorman*,23,STL,NL,35,129,112,13,30,6,0,9,27,3,2,15,33,.268,.357,.563,.919,152,63,1,1,0,1,1,D4/H5,gormano01
189,Yasmani Grandal#,34,CHW,AL,35,129,115,11,31,9,0,3,11,0,0,12,27,.270,.349,.426,.775,113,49,3,2,0,0,0,2/DH3,grandya01
190,Brusdar Graterol,24,LAD,NL,1,0,0,0,0,0,0,0,0,0,0,0,0,,,,,,0,0,0,0,0,0,1,gratebr01
191,Riley Greene*,22,DET,AL,38,161,149,18,40,5,2,3,15,5,0,12,48,.268,.323,.389,.712,100,58,1,0,0,0,0,*8/D,greenri03
192,Randal Grichuk,31,COL,NL,11,48,43,8,15,4,0,1,3,1,0,5,12,.349,.417,.512,.928,141,22,0,0,0,0,0,/897D,grichra01
193,Trent Grisham*,26,SDP,NL,39,151,128,17,26,10,0,4,12,0,2,21,45,.203,.320,.375,.695,97,48,1,1,0,0,0,*8/H,grishtr01
194,Vaughn Grissom,22,ATL,NL,19,70,65,5,18,2,0,0,7,0,1,2,13,.277,.314,.308,.622,70,20,1,2,0,1,0,6,grissva01
195,Robbie Grossman#,33,TEX,AL,32,131,117,20,27,5,0,4,18,0,0,10,38,.231,.290,.376,.666,84,44,2,1,0,3,0,D79/H,grossro01
196,Vladimir Guerrero Jr.,24,TOR,AL,37,166,144,24,45,10,0,7,22,2,0,16,22,.313,.392,.528,.919,155,76,4,4,0,2,0,*3/D,guerrvl02
197,Luis Guillorme*,28,NYM,NL,25,63,55,8,14,2,0,0,3,0,0,8,14,.255,.349,.291,.640,82,16,1,0,0,0,0,4/5H61,guilllu01
198,Lourdes Gurriel Jr.,29,ARI,NL,35,142,129,23,40,10,1,5,20,1,0,11,23,.310,.366,.519,.886,143,67,5,1,0,1,0,7/DH3,gurrilo01
199,Yuli Gurriel,39,MIA,NL,24,97,89,8,22,3,0,3,8,1,0,6,10,.247,.299,.382,.681,87,34,4,1,0,1,0,3/DH,gourryu01
200,Dalton Guthrie,27,PHI,NL,7,8,7,1,0,0,0,0,0,0,0,1,5,.000,.125,.000,.125,-61,0,0,0,0,0,0,/78H5,guthrda01
201,Eric Haase,30,DET,AL,31,107,99,10,27,4,0,2,12,2,1,8,28,.273,.327,.374,.701,97,37,2,0,0,0,1,27/DH,haaseer01
202,Sam Haggerty#,29,SEA,AL,14,32,29,2,3,0,0,0,0,3,1,3,7,.103,.188,.103,.291,-14,3,0,0,0,0,0,/H4738D,haggesa01
203,Darick Hall*,27,PHI,NL,6,19,18,1,4,1,0,0,1,0,0,1,2,.222,.263,.278,.541,51,5,0,0,0,0,0,/3H,hallda02
204,Billy Hamilton,32,CHW,AL,3,2,2,2,0,0,0,0,0,2,0,0,1,.000,.000,.000,.000,-100,0,0,0,0,0,0,/H9,hamilbi02
205,Garrett Hampson,28,MIA,NL,25,65,61,9,16,7,0,1,7,2,0,2,18,.262,.297,.426,.723,97,26,0,1,1,0,0,6/94H8D,hampsga01
206,Mitch Haniger,32,SFG,NL,15,59,56,5,10,2,0,2,8,0,0,2,18,.179,.203,.321,.525,42,18,0,0,0,1,0,7/DH9,hanigmi01
207,Ian Happ#,28,CHC,NL,38,170,138,16,43,11,0,4,18,4,2,31,35,.312,.435,.478,.914,152,66,0,0,0,1,1,*7,happia01
208,Bryce Harper*,30,PHI,NL,9,41,36,11,13,3,0,2,5,1,0,5,10,.361,.439,.611,1.050,188,22,0,0,0,0,0,/D,harpebr03
209,Michael Harris II*,22,ATL,NL,18,65,56,7,12,3,0,1,4,4,0,8,11,.214,.323,.321,.645,76,18,1,1,0,0,0,8/H,harrimi04
210,Josh Harrison,35,PHI,NL,19,52,49,4,10,1,0,1,5,0,0,1,11,.204,.250,.286,.536,49,14,1,2,0,0,0,/5H741D,harrijo05
211,Adam Haseley*,27,CHW,AL,18,33,30,4,8,2,0,0,2,0,0,3,6,.267,.333,.333,.667,85,10,0,0,0,0,0,9/8H7D,haselad01
212,Ke'Bryan Hayes,26,PIT,NL,39,160,145,21,34,9,2,1,9,6,5,14,22,.234,.300,.345,.645,78,50,4,0,0,1,0,*5,hayeske01
213,Austin Hays,27,BAL,AL,34,132,122,20,37,9,1,4,13,1,0,9,34,.303,.348,.492,.840,133,60,4,0,0,1,0,*7/9DH,haysau01
214,Taylor Hearn*,28,TEX,AL,1,0,0,0,0,0,0,0,0,0,0,0,0,,,,,,0,0,0,0,0,0,/1,hearnta01
215,Austin Hedges,30,PIT,NL,22,67,58,5,8,2,0,0,4,1,0,5,16,.138,.219,.172,.391,10,10,2,1,3,0,0,2,hedgeau01
216,Jonah Heim#,28,TEX,AL,33,132,119,24,38,9,0,6,29,1,0,11,26,.319,.379,.546,.925,153,65,1,1,0,1,0,*2/DH,heimjo01
217,Tyler Heineman#,32,PIT,NL,3,10,9,1,1,0,0,0,0,1,0,1,1,.111,.200,.111,.311,-11,1,0,0,0,0,0,/2,heinety01
218,Ryan Helsley,28,STL,NL,1,0,0,0,0,0,0,0,0,0,0,0,0,,,,,,0,0,0,0,0,0,1,helslry01
219,Gunnar Henderson*,22,BAL,AL,34,129,103,21,18,3,1,4,8,1,1,25,37,.175,.341,.340,.681,92,35,1,1,0,0,1,5/6HD,hendegu01
220,David Hensley,27,HOU,AL,23,78,69,12,10,1,0,1,3,1,0,9,28,.145,.244,.203,.446,25,14,0,0,0,0,0,/D4H375,henslda01
221,Enrique Hernández,31,BOS,AL,38,154,141,21,33,7,0,3,14,1,0,11,32,.234,.292,.348,.640,73,49,6,1,0,1,0,*6/48,hernaen02
222,Teoscar Hernández,30,SEA,AL,39,163,153,17,35,5,0,8,19,1,1,5,56,.229,.270,.418,.688,91,64,2,4,0,1,0,*9/D,hernate01
223,Yonny Hernández#,25,LAD,NL,1,1,1,0,0,0,0,0,0,0,0,0,0,.000,.000,.000,.000,-100,0,0,0,0,0,0,/H,hernayo02
224,Jose Herrera#,26,ARI,NL,14,44,36,7,8,2,0,0,5,1,0,6,14,.222,.333,.278,.611,73,10,1,0,2,0,0,2/H,herrejo04
225,Jason Heyward*,33,LAD,NL,30,83,68,13,15,5,0,4,8,1,0,12,18,.221,.333,.471,.804,114,32,2,0,0,1,0,98/HD3,heywaja01
226,Aaron Hicks#,33,NYY,AL,24,65,59,8,9,1,0,1,4,0,0,6,15,.153,.231,.220,.451,27,13,0,0,0,0,0,7/8HD,hicksaa01
227,Kyle Higashioka,33,NYY,AL,17,57,52,6,11,2,0,3,8,0,0,5,18,.212,.281,.423,.704,92,22,0,0,0,0,0,2/DH,higasky01
228,Sam Hilliard*,29,ATL,NL,25,70,64,11,17,5,0,3,6,4,0,6,29,.266,.329,.484,.813,118,31,1,0,0,0,0,8/H7D9,hillisa01
229,Nico Hoerner,26,CHC,NL,35,164,152,25,46,6,1,2,19,12,2,9,17,.303,.348,.395,.742,104,60,2,2,0,1,0,*4/6,hoernni01
230,Eric Hosmer*,33,CHC,NL,30,98,92,7,22,3,0,2,14,0,0,6,25,.239,.286,.337,.623,71,31,4,0,0,0,0,3D/H,hosmeer01
231,Sam Huff,25,TEX,AL,2,5,4,0,1,0,0,0,1,0,0,1,2,.250,.400,.250,.650,87,1,0,0,0,0,0,/DH,huffsa01
232,Cooper Hummel#,28,SEA,AL,10,26,23,2,2,1,0,0,0,1,0,2,9,.087,.192,.130,.323,-6,3,1,1,0,0,0,/DH79,hummeco01
233,Andy Ibáñez,30,DET,AL,14,42,41,6,12,4,0,1,4,0,0,1,6,.293,.310,.463,.773,114,19,1,0,0,0,0,/54H3D79,ibanean01
234,Jonathan India,26,CIN,NL,39,169,143,30,43,12,0,3,17,8,2,18,29,.301,.391,.448,.838,121,64,3,5,0,3,0,*4/D,indiajo01
235,Kyle Isbel*,26,KCR,AL,26,96,91,8,19,8,1,1,9,2,1,4,19,.209,.250,.352,.602,64,32,1,1,0,0,0,8/H,isbelky01
236,Drey Jameson,25,ARI,NL,1,0,0,0,0,0,0,0,0,0,0,0,0,,,,,,0,0,0,0,0,0,/1,jamesdr01
237,Travis Jankowski*,32,TEX,AL,25,77,68,14,21,5,1,0,9,5,1,7,15,.309,.382,.412,.793,121,28,2,1,1,0,0,78/H9,jankotr01
238,Danny Jansen,28,TOR,AL,26,92,83,10,14,4,0,3,16,0,0,9,23,.169,.250,.325,.575,60,27,0,0,0,0,1,2/DH,janseda01
239,Kenley Jansen#,35,BOS,AL,1,0,0,0,0,0,0,0,0,0,0,0,0,,,,,,0,0,0,0,0,0,1,janseke01
240,Ryan Jeffers,26,MIN,AL,20,58,48,10,14,3,1,1,3,0,1,7,18,.292,.414,.458,.872,144,22,2,3,0,0,0,2/DH,jeffery01
241,Eloy Jiménez,26,CHW,AL,25,106,97,12,25,4,0,4,15,0,0,9,28,.258,.321,.423,.743,103,41,3,0,0,0,1,D/9,jimenel02
242,Connor Joe,30,PIT,NL,35,131,114,20,30,10,3,5,13,2,3,15,38,.263,.359,.535,.894,143,61,0,2,0,0,0,*937/H,joeco01
243,Bryce Johnson#,27,SFG,NL,12,25,23,2,3,0,0,1,2,0,0,1,11,.130,.160,.261,.421,14,6,0,0,0,1,0,8/H,johnsbr03
244,Aaron Judge,31,NYY,AL,31,131,110,24,29,6,0,8,20,2,1,18,41,.264,.359,.536,.895,145,59,1,0,0,3,1,89/D,judgeaa01
245,Edouard Julien*,24,MIN,AL,8,30,27,4,6,0,0,2,4,0,0,1,9,.222,.276,.444,.720,97,12,1,1,1,0,0,/4H,julieed01
246,Corey Julks,27,HOU,AL,29,107,103,14,27,4,0,2,9,5,2,3,31,.262,.280,.359,.640,75,37,0,0,0,1,0,7/DH9,julksco01
247,Josh Jung,25,TEX,AL,37,159,149,26,38,6,0,8,25,1,1,8,49,.255,.296,.456,.752,105,68,1,1,0,1,0,*5,jungjo01
248,Jarred Kelenic*,23,SEA,AL,37,147,135,16,39,11,1,8,20,5,2,10,42,.289,.340,.563,.903,150,76,3,1,0,1,0,*7/89H,kelenja01
249,Tony Kemp*,31,OAK,AL,35,136,120,9,20,5,0,1,11,2,1,14,17,.167,.252,.233,.485,41,28,3,0,1,1,0,47/H,kempto01
250,Max Kepler*,30,MIN,AL,28,114,99,17,21,5,0,6,14,0,1,10,22,.212,.298,.444,.743,104,44,2,3,0,2,0,*9/H,keplema01
251,Kevin Kiermaier*,33,TOR,AL,33,118,106,18,33,8,2,2,12,4,0,10,23,.311,.376,.481,.857,139,51,2,1,1,0,0,*8,kiermke01
252,Ha-Seong Kim,27,SDP,NL,37,136,119,12,27,6,0,4,13,6,2,15,34,.227,.319,.378,.697,97,45,2,1,1,0,0,*4/56H,kimha01
253,Isiah Kiner-Falefa,28,NYY,AL,30,83,77,4,14,2,0,0,2,4,1,4,11,.182,.232,.208,.439,24,16,3,1,1,0,0,8/5H791,kineris01
254,Alex Kirilloff*,25,MIN,AL,7,22,16,4,7,1,0,2,3,0,0,6,3,.438,.591,.875,1.466,303,14,0,0,0,0,0,/37HD,kirilal01
255,Alejandro Kirk,24,TOR,AL,31,110,89,9,20,2,0,2,11,0,0,18,15,.225,.364,.315,.678,93,28,3,2,0,1,1,2/DH,kirkal01
256,Andrew Knizner,28,STL,NL,18,59,56,6,11,4,0,1,4,0,0,2,17,.196,.224,.321,.546,51,18,1,0,1,0,0,2,kniznan01
257,Ryan Kreidler,25,DET,AL,11,18,18,2,2,0,0,0,0,0,0,0,7,.111,.111,.111,.222,-37,2,0,0,0,0,0,/456DH,kreidry01
258,Steven Kwan*,25,CLE,AL,39,178,154,22,42,7,1,1,12,9,1,22,18,.273,.360,.351,.710,102,54,4,0,0,2,2,*7/DH,kwanst01
259,Tommy La Stella*,34,SEA,AL,12,24,21,2,4,1,0,0,2,0,0,3,5,.190,.292,.238,.530,53,5,0,0,0,0,0,/DH,lasteto01
260,Jake Lamb*,32,LAA,AL,18,54,51,7,11,1,0,2,5,0,0,3,15,.216,.259,.353,.612,66,18,1,0,0,0,0,3/H1,lambja01
261,Shea Langeliers,25,OAK,AL,34,135,121,16,27,2,1,6,17,0,1,10,37,.223,.296,.405,.701,100,49,2,3,0,1,2,*2/DH,langesh01
262,Trevor Larnach*,26,MIN,AL,32,127,107,13,24,3,1,3,19,0,1,18,45,.224,.331,.355,.686,92,38,1,0,0,2,0,*79/H,larnatr01
263,Ramón Laureano,28,OAK,AL,26,104,97,7,22,6,2,3,6,3,0,5,27,.227,.279,.423,.702,99,41,2,2,0,0,0,9/D8,laurera01
264,DJ LeMahieu,34,NYY,AL,36,146,130,20,35,7,1,5,18,0,1,13,38,.269,.342,.454,.796,119,59,2,2,0,1,0,5/3D4H,lemahdj01
265,Sandy León#,34,TEX,AL,13,28,25,3,4,2,0,0,4,0,0,1,13,.160,.222,.240,.462,29,6,1,1,1,0,0,2/H,leonsa01
266,Kyle Lewis,27,ARI,NL,6,18,18,1,3,1,0,1,2,0,0,0,9,.167,.167,.389,.556,48,7,0,0,0,0,0,/DH7,lewisky01
267,Francisco Lindor#,29,NYM,NL,39,169,148,23,33,12,0,6,30,4,1,15,41,.223,.314,.426,.739,104,63,1,5,0,1,0,*6,lindofr01
268,Tim Locastro,30,NYM,NL,11,10,7,3,0,0,0,0,0,4,0,0,2,.000,.300,.000,.300,-6,0,0,3,0,0,0,/H7D9,locasti01
269,Evan Longoria,37,ARI,NL,25,83,77,11,17,3,0,5,8,0,0,5,25,.221,.265,.455,.720,95,35,2,0,0,1,0,5/DH,longoev01
270,Nicky Lopez*,28,KCR,AL,24,67,55,5,11,3,1,0,7,2,0,8,12,.200,.323,.291,.614,72,16,2,2,2,0,0,5/4H6,lopezni01
271,Brandon Lowe*,28,TBR,AL,35,136,119,21,22,3,1,7,20,1,0,17,40,.185,.287,.403,.690,94,48,3,0,0,0,0,*4/HD,lowebr01
272,Josh Lowe*,25,TBR,AL,32,116,107,22,34,9,0,9,28,6,1,9,26,.318,.371,.654,1.025,185,70,0,0,0,0,0,*9/8HD,lowejo01
273,Nathaniel Lowe*,27,TEX,AL,39,175,155,28,41,12,1,5,26,0,0,18,35,.265,.343,.452,.794,119,70,4,1,0,1,0,*3,lowena01
274,Nathan Lukes*,28,TOR,AL,11,6,5,2,0,0,0,0,0,0,0,1,2,.000,.167,.000,.167,-47,0,0,0,0,0,0,/H9D,lukesna01
275,Jordan Luplow,29,TOR,AL,4,7,6,1,0,0,0,0,0,0,0,1,4,.000,.143,.000,.143,-55,0,0,0,0,0,0,/DH9,luplojo01
276,Manny Machado,30,SDP,NL,38,164,152,18,36,7,0,5,18,2,0,10,35,.237,.280,.382,.662,86,58,9,0,0,2,0,*5/D,machama01
277,Nick Madrigal,26,CHC,NL,28,80,76,10,19,3,1,0,6,2,2,2,7,.250,.288,.316,.603,66,24,3,2,0,0,0,5H/4D,madrini01
278,Drew Maggi,34,PIT,NL,3,6,6,1,2,1,0,0,1,0,0,0,1,.333,.333,.500,.833,126,3,0,0,0,0,0,/5HD,maggidr01
279,Luke Maile,32,CIN,NL,13,30,27,4,8,1,0,1,1,0,0,2,11,.296,.367,.444,.811,113,12,2,1,0,0,0,2/1,mailelu01
280,Martín Maldonado,36,HOU,AL,28,99,86,7,16,3,0,2,7,0,0,8,29,.186,.278,.291,.569,58,25,3,3,2,0,0,*2,maldoma01
281,Trey Mancini,31,CHC,NL,34,132,118,15,31,4,0,3,16,0,0,10,36,.263,.323,.373,.696,91,44,1,1,0,1,1,3D/H9,mancitr01
282,Tucupita Marcano*,23,PIT,NL,24,61,52,7,13,3,1,1,3,1,0,4,8,.250,.339,.404,.743,105,21,2,3,2,0,0,46/H5D,marcatu01
283,Manuel Margot,28,TBR,AL,34,109,94,14,23,4,0,2,10,5,2,10,16,.245,.330,.351,.681,95,33,2,3,0,2,0,*89/H,margoma01
284,Jake Marisnick,32,CHW,AL,4,0,0,1,0,0,0,0,0,0,0,0,0,,,,,,0,0,0,0,0,0,/98DH,marisja01
285,Brandon Marsh*,25,PHI,NL,37,130,110,19,33,8,4,4,16,1,0,19,39,.300,.408,.555,.962,164,61,1,1,0,0,2,*8/HD,marshbr02
286,Ketel Marte#,29,ARI,NL,37,159,141,23,38,8,3,5,16,2,0,12,23,.270,.333,.475,.809,121,67,3,3,0,3,0,*4/8D,marteke01
287,Starling Marte,34,NYM,NL,34,137,124,11,28,4,0,1,8,9,3,10,24,.226,.294,.282,.576,62,35,3,2,1,0,0,*9/H,martest01
288,J.D. Martinez,35,LAD,NL,25,106,95,14,24,9,2,5,18,0,0,7,33,.253,.311,.547,.859,126,52,4,2,0,2,0,D,martijd02
289,Michael Massey*,25,KCR,AL,34,118,107,10,24,3,0,2,11,2,0,6,40,.224,.271,.308,.580,60,33,0,2,0,3,0,*4/H,massemi02
290,Miles Mastrobuoni*,27,CHC,NL,10,22,22,1,4,1,0,0,1,1,0,0,6,.182,.182,.227,.409,12,5,0,0,0,0,0,/9DH6,mastrmi01
291,Jorge Mateo,28,BAL,AL,34,123,110,24,29,6,0,6,20,12,2,7,24,.264,.308,.482,.790,117,53,3,1,3,2,0,*6/HD,mateojo01
292,Mark Mathias,28,PIT,NL,15,46,40,3,11,2,0,0,4,1,0,6,9,.275,.370,.325,.695,95,13,2,0,0,0,0,4/DH9,mathima01
293,Nick Maton*,26,DET,AL,36,122,108,11,17,6,0,4,15,0,0,13,35,.157,.246,.324,.570,59,35,2,0,0,1,1,*5/H4D6,matonni01
294,Tim Mayza*,31,TOR,AL,1,0,0,0,0,0,0,0,0,0,0,0,0,,,,,,0,0,0,0,0,0,1,mayzati01
295,James McCann,33,BAL,AL,17,52,50,6,10,2,0,2,5,1,0,1,7,.200,.231,.360,.591,63,18,2,1,0,0,0,2/DH3,mccanja02
296,Jake McCarthy*,25,ARI,NL,22,70,63,8,9,1,1,1,3,2,2,5,12,.143,.229,.238,.467,30,15,2,2,0,0,0,9/HD,mccarja02
297,Chas McCormick,28,HOU,AL,12,52,44,7,11,3,0,2,9,4,0,6,13,.250,.353,.455,.807,121,20,0,1,1,0,0,8/79,mccorch01
298,Andrew McCutchen,36,PIT,NL,34,138,113,18,28,5,0,7,18,4,1,21,30,.248,.362,.478,.840,130,54,2,1,0,3,1,D/9H,mccutan01
299,Scott McGough,33,ARI,NL,1,0,0,0,0,0,0,0,0,0,0,0,0,,,,,,0,0,0,0,0,0,1,mcgousc01
300,Reese McGuire*,28,BOS,AL,23,66,61,5,19,4,0,0,8,0,0,3,20,.311,.344,.377,.721,96,23,1,0,1,0,0,2/H,mcguire01
301,Ryan McKenna,26,BAL,AL,29,43,39,8,12,3,0,1,6,1,0,1,13,.308,.349,.462,.810,125,18,1,2,0,1,0,*9H/78D,mckenry01
302,Zach McKinstry*,28,DET,AL,32,99,86,13,23,5,0,2,6,5,1,11,20,.267,.347,.395,.742,109,34,0,0,1,1,0,4H/97561,mckinza01
303,Ryan McMahon*,28,COL,NL,39,154,139,18,31,12,1,4,17,3,2,14,51,.223,.292,.410,.702,81,57,5,0,0,1,0,54/H,mcmahry01
304,Jeff McNeil*,31,NYM,NL,39,160,139,14,38,6,1,2,12,2,0,16,13,.273,.369,.374,.743,108,52,3,5,0,0,0,*4/79H6,mcneije01
305,Austin Meadows*,28,DET,AL,6,21,21,0,5,1,0,0,2,0,0,0,3,.238,.238,.286,.524,47,6,0,0,0,0,0,/7H9,meadoau01
306,Francisco Mejía#,27,TBR,AL,19,69,62,13,14,5,0,1,5,0,0,6,15,.226,.290,.355,.645,83,22,0,0,0,1,0,2,mejiafr01
307,MJ Melendez*,24,KCR,AL,37,155,137,18,29,8,1,4,18,0,0,15,49,.212,.290,.372,.663,82,51,3,1,0,2,0,92/DH,melenmj01
308,Joey Meneses,31,WSN,NL,37,163,157,16,45,7,0,2,17,0,0,6,33,.287,.313,.369,.682,93,58,5,0,0,0,0,*D/3,menesjo01
309,Whit Merrifield,34,TOR,AL,32,129,116,15,33,9,0,1,15,11,1,10,24,.284,.341,.388,.729,104,45,4,1,0,2,0,47/9H,merriwh01
310,Matt Mervis*,25,CHC,NL,7,30,28,2,5,1,0,0,3,0,0,2,13,.179,.233,.214,.448,25,6,0,0,0,0,0,/3,mervima01
311,Jake Meyers,27,HOU,AL,34,113,103,12,25,6,0,2,11,1,1,8,32,.243,.310,.359,.669,84,37,1,2,0,0,0,*8/H,meyerja02
312,Brad Miller*,33,TEX,AL,17,51,44,5,8,2,0,1,5,0,0,6,8,.182,.275,.295,.570,59,13,1,0,0,1,0,D/3H,millebr02
313,Owen Miller,26,MIL,NL,24,70,66,9,21,5,0,1,6,3,1,3,10,.318,.343,.439,.782,115,29,2,0,0,1,0,4/5H793D,milleow01
314,Shelby Miller,32,LAD,NL,1,1,1,0,0,0,0,0,0,0,0,0,0,.000,.000,.000,.000,-100,0,0,0,0,0,0,1,millesh01
315,Jose Miranda,25,MIN,AL,35,142,132,12,29,4,0,3,13,0,0,9,23,.220,.275,.318,.593,65,42,7,1,0,0,0,*5/D3H,miranjo01
316,Garrett Mitchell*,24,MIL,NL,16,62,58,9,15,1,1,3,6,1,0,4,24,.259,.306,.466,.772,111,27,0,0,0,0,0,8/H,mitchga01
317,Yoán Moncada#,28,CHW,AL,11,48,47,5,15,6,0,2,5,0,0,1,11,.319,.333,.574,.908,144,27,2,0,0,0,0,5,moncayo01
318,Mickey Moniak*,25,LAA,AL,1,5,4,3,3,0,0,1,1,2,0,1,1,.750,.800,1.500,2.300,513,6,0,0,0,0,0,/7,moniami01
319,Elehuris Montero,24,COL,NL,16,54,51,7,13,3,0,1,5,0,0,2,21,.255,.296,.373,.669,73,19,0,1,0,0,0,5/DH,monteel01
320,Jovani Moran*,26,MIN,AL,1,0,0,0,0,0,0,0,0,0,0,0,0,,,,,,0,0,0,0,0,0,1,moranjo01
321,Christopher Morel,24,CHC,NL,4,17,17,4,7,1,0,2,5,1,1,0,5,.412,.412,.824,1.235,229,14,1,0,0,0,0,/4D,morelch01
322,Gabriel Moreno,23,ARI,NL,31,106,100,7,31,5,0,1,16,1,0,4,23,.310,.330,.390,.720,99,39,7,0,0,2,0,*2/H,morenga01
323,Taylor Motter,33,STL,NL,8,22,20,0,4,2,0,0,1,0,0,2,8,.200,.273,.300,.573,61,6,0,0,0,0,0,/45H,motteta01
324,Ryan Mountcastle,26,BAL,AL,39,173,164,25,42,10,1,8,27,2,0,7,37,.256,.283,.476,.759,108,78,7,0,0,2,0,*3/D,mountry01
325,Mike Moustakas*,34,COL,NL,23,65,54,11,13,5,0,1,9,0,0,8,19,.241,.323,.389,.712,85,21,0,0,0,3,1,/3H5D,moustmi01
326,Cedric Mullins*,28,BAL,AL,39,165,142,19,37,8,3,5,31,12,0,21,30,.261,.356,.465,.821,128,66,3,0,2,0,0,*8/H,mullice01
327,Max Muncy*,32,LAD,NL,35,147,118,24,24,1,0,12,29,1,0,26,42,.203,.354,.517,.871,131,61,2,2,0,1,2,*5/DH,muncyma01
328,Penn Murfee,29,SEA,AL,1,0,0,0,0,0,0,0,0,0,0,0,0,,,,,,0,0,0,0,0,0,1,murfepe01
329,Sean Murphy,28,ATL,NL,35,146,119,22,32,9,0,9,32,0,0,21,32,.269,.404,.571,.976,162,68,4,6,0,0,0,*2/DH,murphse01
330,Tom Murphy,32,SEA,AL,14,46,44,3,11,5,0,1,2,0,0,2,15,.250,.283,.432,.714,99,19,0,0,0,0,0,2/D,murphto04
331,Wil Myers,32,CIN,NL,29,108,100,11,20,2,0,3,10,1,1,8,40,.200,.259,.310,.569,50,31,2,0,0,0,0,93/DH,myerswi01
332,Omar Narváez*,31,NYM,NL,5,17,14,1,4,0,0,0,2,0,0,2,2,.286,.353,.286,.639,81,4,0,0,0,1,0,/2,narvaom01
333,Josh Naylor*,26,CLE,AL,35,136,122,9,25,4,0,5,23,3,0,11,25,.205,.265,.361,.625,74,44,5,0,0,3,2,3/DH9,naylojo01
334,Zach Neto,22,LAA,AL,26,99,89,8,22,5,0,2,11,1,0,3,16,.247,.323,.371,.694,90,33,3,7,0,0,0,6,netoza01
335,Tyler Nevin,26,DET,AL,10,27,22,1,2,0,0,1,4,0,0,3,7,.091,.222,.227,.449,27,5,1,1,0,1,0,/5DH37,nevinty01
336,Kevin Newman,29,CIN,NL,27,95,90,10,20,1,0,2,12,1,1,3,10,.222,.253,.300,.553,46,27,3,1,0,1,0,6/5D4H,newmake01
337,Tomás Nido,29,NYM,NL,19,55,51,5,6,0,0,0,1,0,0,2,16,.118,.148,.118,.266,-24,6,2,0,1,1,0,2/H,nidoto01
338,Brandon Nimmo*,30,NYM,NL,38,170,142,22,45,8,1,3,15,3,1,21,30,.317,.414,.451,.865,142,64,0,4,1,2,0,*8/DH,nimmobr01
339,Ryan Noda*,27,OAK,AL,38,128,98,21,22,8,1,3,10,1,1,27,41,.224,.406,.418,.825,139,41,0,3,0,0,0,*3H/D9,nodary01
340,Austin Nola,33,SDP,NL,29,95,81,4,12,2,0,1,7,0,0,10,24,.148,.250,.210,.460,33,17,2,1,3,0,0,*2,nolaau01
341,Lars Nootbaar*,25,STL,NL,26,112,90,14,26,3,0,3,13,5,0,22,24,.289,.429,.422,.851,140,38,1,0,0,0,2,9/87,nootbla01
342,Ryan O'Hearn*,29,BAL,AL,11,28,24,1,5,1,0,0,6,0,0,3,5,.208,.286,.250,.536,53,6,0,0,0,1,0,/3DH9,ohearry01
343,Logan O'Hoppe,23,LAA,AL,16,59,53,5,15,2,0,4,13,0,0,4,15,.283,.339,.547,.886,138,29,2,1,0,1,0,2,ohopplo01
344,Tyler O'Neill,28,STL,NL,29,99,92,12,21,4,0,2,6,1,0,7,34,.228,.283,.337,.620,73,31,2,0,0,0,0,*78/H,oneilty01
345,Rougned Odor*,29,SDP,NL,19,48,43,8,6,2,0,1,3,0,0,5,14,.140,.229,.256,.485,38,11,1,0,0,0,0,4/9HD,odorro01
346,Shohei Ohtani*,28,LAA,AL,38,170,146,22,42,8,1,8,25,5,3,18,34,.288,.364,.521,.884,139,76,3,0,0,1,1,*D/1,ohtansh01
347,Chris Okey,28,LAA,AL,1,2,2,0,0,0,0,0,0,0,0,0,2,.000,.000,.000,.000,-100,0,0,0,0,0,0,/2,okeych01
348,Edward Olivares,27,KCR,AL,32,125,114,17,27,6,2,3,9,3,1,9,22,.237,.304,.404,.708,94,46,2,2,0,0,1,*7/HD9,olivaed02
349,Matt Olson*,29,ATL,NL,39,178,146,32,34,6,1,11,29,0,0,31,58,.233,.371,.514,.884,137,75,3,1,0,0,1,*3,olsonma02
350,Joey Ortiz,24,BAL,AL,3,9,8,1,2,0,0,0,4,0,0,0,1,.250,.222,.250,.472,33,2,0,0,0,1,0,/4,ortizjo06
351,James Outman*,26,LAD,NL,40,152,132,26,36,8,3,8,23,4,1,16,48,.273,.368,.561,.929,146,74,0,4,0,0,0,*87/9HD,outmaja01
352,Chris Owings,31,PIT,NL,4,9,9,0,1,0,0,0,0,0,0,0,4,.111,.111,.111,.222,-38,1,0,0,0,0,0,/68,owingch01
353,Marcell Ozuna,32,ATL,NL,26,103,89,13,15,1,0,7,12,0,0,14,22,.169,.282,.416,.697,87,37,4,0,0,0,1,D/7H,ozunama01
354,Cristian Pache,24,PHI,NL,18,26,25,2,9,3,0,1,4,0,0,0,6,.360,.360,.600,.960,160,15,1,0,1,0,0,7/8H,pachecr01
355,Josh Palacios*,27,PIT,NL,2,3,3,0,0,0,0,0,0,0,0,0,1,.000,.000,.000,.000,-100,0,0,0,0,0,0,/H9,palacjo01
356,Isaac Paredes,24,TBR,AL,37,135,124,20,34,8,0,4,22,0,0,7,24,.274,.333,.435,.769,118,54,2,4,0,0,0,*5/3H4,paredis01
357,Vinnie Pasquantino*,25,KCR,AL,41,176,152,20,42,13,0,7,19,0,0,20,18,.276,.366,.500,.866,137,76,3,2,0,1,2,*3D/H,pasquvi01
358,Joc Pederson*,31,SFG,NL,26,97,81,12,19,4,1,5,18,0,0,14,22,.235,.351,.494,.844,130,40,3,1,0,1,1,D/H,pederjo01
359,Jeremy Peña,25,HOU,AL,39,166,153,22,39,9,0,6,21,6,4,7,38,.255,.303,.431,.734,100,66,1,4,0,1,0,*6,penaje02
360,David Peralta*,35,LAD,NL,32,91,86,7,18,2,0,2,15,1,1,4,14,.209,.242,.302,.544,46,26,0,0,0,1,0,7/HD9,peralda01
361,Oswald Peraza,23,NYY,AL,12,38,32,4,6,1,0,0,3,2,1,3,6,.188,.316,.219,.535,53,7,1,3,0,0,0,/54HD6,perazos02
362,Geraldo Perdomo#,23,ARI,NL,30,98,82,15,28,7,1,2,18,4,1,11,16,.341,.426,.524,.950,162,43,1,1,4,0,1,6/4H5,perdoge01
363,Carlos Pérez,32,OAK,AL,22,65,57,7,19,2,0,3,7,0,0,6,13,.333,.400,.526,.926,164,30,1,1,0,1,0,2/DH137,perezca02
364,Carlos Pérez,26,CHW,AL,3,4,4,0,1,0,0,0,0,0,0,0,1,.250,.250,.250,.500,39,1,1,0,0,0,0,/DH,perezca03
365,Cionel Pérez,27,BAL,AL,2,0,0,0,0,0,0,0,0,0,0,0,0,,,,,,0,0,0,0,0,0,1,perezci01
366,Roberto Pérez,34,SFG,NL,5,17,15,0,2,0,0,0,1,0,0,2,6,.133,.235,.133,.369,6,2,0,0,0,0,0,/2,perezro02
367,Salvador Perez,33,KCR,AL,36,152,139,20,41,9,0,8,22,0,0,7,28,.295,.342,.532,.874,138,74,5,4,0,2,2,*2/D3,perezsa02
368,Blake Perkins#,26,MIL,NL,10,14,12,1,1,0,0,0,0,0,0,0,5,.083,.083,.083,.167,-53,1,0,0,2,0,0,/H978D,perkibl01
369,Jace Peterson*,33,OAK,AL,35,127,110,11,23,2,1,2,11,4,0,15,33,.209,.307,.300,.607,76,33,5,1,0,1,0,*5/H4D1,peterja01
370,Tommy Pham,35,NYM,NL,25,72,62,4,13,2,0,3,8,2,1,9,17,.210,.306,.387,.693,92,24,1,0,0,1,1,7D/H8,phamth01
371,Brett Phillips*,29,LAA,AL,18,16,13,3,1,0,0,0,2,3,0,3,8,.077,.250,.077,.327,-4,1,0,0,0,0,0,/H87D19,phillbr02
372,Kevin Pillar,34,ATL,NL,21,67,63,9,17,3,0,3,10,2,0,3,16,.270,.299,.460,.759,103,29,0,0,0,1,0,7/H89,pillake01
373,Jorge Polanco#,29,MIN,AL,20,87,85,6,22,5,0,3,13,0,0,2,22,.259,.276,.424,.699,92,36,0,0,0,0,0,4,polanjo01
374,AJ Pollock,35,SEA,AL,24,77,69,8,9,3,0,4,11,0,0,6,18,.130,.195,.348,.543,49,24,1,0,0,2,0,D7/H,polloaj01
375,Nick Pratto*,24,KCR,AL,17,65,57,11,20,5,0,2,13,0,1,6,20,.351,.431,.544,.975,168,31,0,2,0,0,0,3/97H,prattni01
376,Jurickson Profar#,30,COL,NL,35,157,136,16,32,8,0,5,15,0,0,18,33,.235,.321,.404,.725,88,55,5,0,0,2,0,*7/H,profaju01
377,Cal Raleigh#,26,SEA,AL,33,131,116,18,24,5,1,5,18,0,0,15,40,.207,.298,.397,.694,94,46,0,0,0,0,1,*2/DH,raleica01
378,Luke Raley*,28,TBR,AL,29,99,90,12,25,5,0,8,17,1,1,5,32,.278,.333,.600,.933,159,54,0,3,0,1,0,93/7HD1,raleylu01
379,Harold Ramírez,28,TBR,AL,30,115,106,16,33,5,1,6,15,1,0,8,24,.311,.365,.547,.912,156,58,0,1,0,0,0,D/7H9,ramirha02
380,José Ramírez#,30,CLE,AL,39,172,148,20,42,11,1,4,22,5,2,20,15,.284,.360,.453,.813,128,67,2,0,0,4,8,*5/D,ramirjo01
381,Heliot Ramos,23,SFG,NL,9,27,26,1,5,2,0,0,1,0,0,1,8,.192,.222,.269,.491,35,7,1,0,0,0,0,/798H,ramoshe02
382,Henry Ramos#,31,CIN,NL,15,60,53,6,13,1,1,0,4,1,0,7,14,.245,.333,.302,.635,70,16,1,0,0,0,0,/9D7,ramoshe01
383,J.T. Realmuto,32,PHI,NL,33,131,123,13,35,10,3,3,15,5,2,4,29,.285,.305,.488,.793,116,60,3,1,0,3,0,*2/H,realmjt01
384,Rob Refsnyder,32,BOS,AL,25,72,62,8,16,3,0,1,14,1,0,9,18,.258,.361,.355,.716,96,22,2,1,0,0,0,7/HD89,refsnro01
385,Anthony Rendon,33,LAA,AL,30,130,103,19,31,4,0,1,20,2,0,19,15,.301,.415,.369,.784,119,38,3,4,0,4,0,*5,rendoan01
386,Hunter Renfroe,31,LAA,AL,38,165,150,25,39,7,0,10,27,0,0,13,34,.260,.315,.507,.822,121,76,9,0,0,2,0,*9,renfrhu01
387,Luis Rengifo#,26,LAA,AL,32,109,92,14,20,2,0,2,15,2,1,14,19,.217,.330,.304,.635,76,28,3,2,0,1,0,4/768H95,rengilu01
388,Franmil Reyes,27,KCR,AL,19,65,59,5,11,0,0,2,7,0,0,4,24,.186,.231,.288,.519,43,17,3,0,0,2,0,D/7H9,reyesfr01
389,Pablo Reyes,29,BOS,AL,1,3,3,1,2,1,0,0,0,0,0,0,0,.667,.667,1.000,1.667,345,3,0,0,0,0,0,/4,reyespa01
390,Bryan Reynolds#,28,PIT,NL,38,162,146,20,43,14,1,5,23,5,0,10,29,.295,.333,.507,.840,128,74,5,1,0,5,0,*7/8DH,reynobr01
391,Matt Reynolds,32,CIN,NL,2,5,5,1,1,0,0,0,0,0,0,0,3,.200,.200,.200,.400,6,1,0,0,0,0,0,/53,reynoma03
392,Austin Riley,26,ATL,NL,39,172,150,23,36,5,0,6,18,0,0,19,47,.240,.326,.393,.719,95,59,9,1,0,2,0,*5,rileyau01
393,Edwin Rios*,29,CHC,NL,12,25,20,3,2,1,0,1,2,0,0,5,9,.100,.280,.300,.580,60,6,0,0,0,0,0,/DH5,riosed01
394,Emmanuel Rivera,27,ARI,NL,13,42,41,7,14,3,0,1,5,0,0,1,5,.341,.357,.488,.845,132,20,1,0,0,0,0,/D5H3,riverem01
395,Anthony Rizzo*,33,NYY,AL,40,173,151,26,47,6,0,8,20,0,2,16,34,.311,.393,.510,.903,149,77,2,5,0,1,0,*3/D,rizzoan01
396,Luis Robert Jr.,25,CHW,AL,40,164,149,27,40,10,0,10,26,1,0,9,42,.268,.331,.537,.868,134,80,1,5,0,0,3,*8/H,roberlu01
397,Victor Robles,26,WSN,NL,31,107,89,13,26,4,1,0,8,8,1,10,14,.292,.388,.360,.748,115,32,3,4,4,0,0,*8,roblevi01
398,Julio Rodríguez,22,SEA,AL,37,168,154,25,33,6,1,7,19,7,4,12,47,.214,.280,.403,.682,90,62,6,2,0,0,0,*8/D,rodriju01
399,Jake Rogers,28,DET,AL,26,80,71,8,13,3,0,5,14,0,1,8,29,.183,.275,.437,.712,96,31,0,1,0,0,0,2/HD,rogerja03
400,Josh Rojas*,29,ARI,NL,32,126,112,18,29,10,0,0,18,4,0,10,29,.259,.312,.348,.660,83,39,0,0,0,3,0,*5/HD4,rojasjo01
401,Miguel Rojas,34,LAD,NL,22,66,61,3,11,1,0,0,1,1,0,5,10,.180,.242,.197,.439,21,12,0,0,0,0,0,6/HD,rojasmi02
402,Brent Rooker,28,OAK,AL,34,139,114,19,36,7,0,11,29,1,0,20,32,.316,.424,.667,1.091,208,76,3,3,0,2,1,D7/9H,rookebr01
403,Amed Rosario,27,CLE,AL,33,147,137,19,37,5,4,1,8,7,0,8,40,.270,.306,.387,.693,94,53,6,0,0,2,0,*6/H,rosaram01
404,Eddie Rosario*,31,ATL,NL,34,122,116,12,30,7,1,3,11,1,2,6,31,.259,.295,.414,.709,90,48,3,0,0,0,0,7/DH,rosared01
405,Darin Ruf,36,SFG,NL,9,27,23,1,6,2,0,0,3,0,0,4,9,.261,.370,.348,.718,101,8,0,0,0,0,0,/DH,rufda01
406,Esteury Ruiz,24,OAK,AL,41,178,159,18,44,10,1,1,20,18,3,6,32,.277,.339,.371,.710,105,59,1,9,3,0,0,*8/DH,ruizes01
407,Keibert Ruiz#,24,WSN,NL,32,137,125,8,30,5,0,3,12,0,0,10,12,.240,.307,.352,.659,87,44,7,2,0,0,0,*2,ruizke01
408,Adley Rutschman#,25,BAL,AL,39,176,142,20,41,6,0,6,22,0,1,32,25,.289,.415,.458,.873,145,65,4,0,0,2,2,*2/DH,rutscad01
409,Blake Sabol*,25,SFG,NL,27,89,84,10,22,3,0,5,12,2,0,3,35,.262,.303,.476,.780,111,40,0,2,0,0,0,2/7H,sabolbl01
410,César Salazar*,27,HOU,AL,8,11,10,1,2,0,0,0,0,0,0,1,2,.200,.273,.200,.473,34,2,0,0,0,0,0,/2H,salazce01
411,Jesús Sánchez*,25,MIA,NL,29,77,69,9,20,9,0,3,10,3,0,7,24,.290,.364,.551,.914,148,38,4,1,0,0,0,9/H7D,sanchje02
412,Cole Sands,25,MIN,AL,1,0,0,0,0,0,0,0,0,0,0,0,0,,,,,,0,0,0,0,0,0,/1,sandsco01
413,Carlos Santana#,37,PIT,NL,37,154,133,14,33,11,0,2,20,4,0,19,27,.248,.338,.376,.714,97,50,1,0,0,2,0,*3/D,santaca01
414,Anthony Santander#,28,BAL,AL,36,156,138,16,35,12,0,5,20,0,0,14,41,.254,.321,.449,.770,113,62,2,1,0,3,0,9D/7H,santaan02
415,Josh Sborz,29,TEX,AL,1,1,1,0,0,0,0,0,0,0,0,0,1,.000,.000,.000,.000,-100,0,0,0,0,0,0,1,sborzjo01
416,Casey Schmitt,24,SFG,NL,5,20,20,5,11,3,0,2,5,0,1,0,1,.550,.550,1.000,1.550,317,20,0,0,0,0,0,/6,schmica01
417,Jonathan Schoop,31,DET,AL,24,64,59,4,12,3,0,0,0,0,0,5,14,.203,.266,.254,.520,48,15,3,0,0,0,0,4/H56,schoojo01
418,John Schreiber,29,BOS,AL,1,0,0,0,0,0,0,0,0,0,0,0,0,,,,,,0,0,0,0,0,0,1,schrejo01
419,Kyle Schwarber*,30,PHI,NL,39,166,142,21,26,4,0,9,18,0,0,22,49,.183,.301,.401,.703,93,57,0,2,0,0,1,7D,schwaky01
420,Corey Seager*,29,TEX,AL,11,49,39,7,14,4,0,1,4,0,0,9,7,.359,.469,.538,1.008,180,21,1,0,0,1,0,6,seageco01
421,Jean Segura,33,MIA,NL,35,130,118,10,22,3,0,0,3,2,2,10,23,.186,.256,.212,.468,32,25,9,1,1,0,1,*5/H,segurje01
422,Marcus Semien,32,TEX,AL,39,182,156,32,45,9,0,7,33,7,1,23,31,.288,.376,.481,.856,136,75,1,0,0,2,1,*4,semiema01
423,Nick Senzel,28,CIN,NL,26,101,92,16,24,5,0,3,15,3,0,8,19,.261,.327,.413,.740,94,38,3,1,0,0,0,58/4H9,senzeni01
424,Brian Serven,28,COL,NL,10,23,23,0,3,1,0,0,1,0,0,0,10,.130,.130,.174,.304,-22,4,0,0,0,0,0,/2HD,servebr01
425,Paul Sewald,33,SEA,AL,1,0,0,0,0,0,0,0,0,0,0,0,0,,,,,,0,0,0,0,0,0,1,sewalpa01
426,Gavin Sheets*,27,CHW,AL,29,94,83,9,21,1,0,4,12,0,0,10,16,.253,.330,.410,.739,103,34,1,0,0,1,0,9/D3H7,sheetga01
427,Braden Shewmake*,25,ATL,NL,2,4,4,0,0,0,0,0,0,0,0,0,1,.000,.000,.000,.000,-100,0,0,0,0,0,0,/6,shewmbr01
428,Zack Short,28,DET,AL,10,18,17,3,5,1,0,1,1,0,0,1,7,.294,.333,.529,.863,138,9,0,0,0,0,0,/4H56,shortza01
429,Lucas Sims,29,CIN,NL,2,0,0,0,0,0,0,0,0,0,0,0,0,,,,,,0,0,0,0,0,0,1,simslu01
430,Jose Siri,27,TBR,AL,19,68,60,12,13,3,0,4,12,3,0,6,22,.217,.279,.467,.746,108,28,1,0,0,2,0,8/H,sirijo01
431,Austin Slater,30,SFG,NL,8,22,19,3,7,1,0,0,2,2,1,3,3,.368,.455,.421,.876,145,8,0,0,0,0,0,/87HD,slateau01
432,Dominic Smith*,28,WSN,NL,35,148,129,15,34,2,0,1,8,0,0,17,23,.264,.358,.302,.660,91,39,5,2,0,0,0,*3/D,smithdo02
433,Josh H. Smith*,25,TEX,AL,28,81,62,13,13,3,0,2,3,1,0,10,23,.210,.388,.355,.742,109,22,1,8,1,0,0,67/HD5,smithjo11
434,Kevin Smith,26,OAK,AL,26,82,76,8,14,1,0,3,7,1,0,2,30,.184,.205,.316,.521,47,24,1,0,4,0,0,6/5H,smithke05
435,Pavin Smith*,27,ARI,NL,25,80,65,13,19,3,0,2,14,0,0,15,17,.292,.425,.431,.856,139,28,1,0,0,0,0,D/9H3,smithpa04
436,Will Smith,28,LAD,NL,24,108,87,19,28,6,0,6,20,1,0,16,7,.322,.417,.598,1.014,170,52,1,1,0,4,0,2/D,smithwi05
437,Canaan Smith-Njigba*,24,PIT,NL,14,37,32,3,4,1,1,0,5,1,0,4,16,.125,.216,.219,.435,21,7,1,0,0,1,0,/9H7,smithca05
438,Nick Solak,28,ATL,NL,1,0,0,1,0,0,0,0,0,0,0,0,0,,,,,,0,0,0,0,0,0,/H,solakni01
439,Donovan Solano,35,MIN,AL,31,90,81,6,21,6,0,0,5,0,0,6,17,.259,.333,.333,.667,88,27,0,3,0,0,1,3/H5D4,solando01
440,Jorge Soler,31,MIA,NL,38,155,139,19,34,9,0,9,20,0,0,14,41,.245,.323,.504,.826,124,70,4,2,0,0,1,*D/9H,solerjo01
441,Edmundo Sosa,27,PHI,NL,30,96,89,7,25,5,0,3,10,1,2,2,23,.281,.309,.438,.747,104,39,2,2,1,1,0,*5/6H8,sosaed01
442,Lenyn Sosa,23,CHW,AL,22,70,68,4,9,3,0,1,3,0,0,1,16,.132,.145,.221,.366,-1,15,0,0,1,0,0,4/5H,sosale01
443,Juan Soto*,24,SDP,NL,40,177,141,22,37,12,0,7,20,3,1,36,37,.262,.412,.496,.909,157,70,4,0,0,0,4,*7,sotoju01
444,George Springer,33,TOR,AL,37,159,146,18,32,1,0,4,14,6,1,12,28,.219,.283,.308,.591,66,45,5,1,0,0,0,*9/DH,springe01
445,Jacob Stallings,33,MIA,NL,20,69,62,3,7,3,0,0,3,0,0,5,17,.113,.179,.161,.340,-5,10,2,0,2,0,0,2/1,stallja01
446,Giancarlo Stanton,33,NYY,AL,13,54,52,7,14,3,0,4,11,0,0,2,11,.269,.296,.558,.854,130,29,1,0,0,0,0,/D9,stantmi03
447,Spencer Steer,25,CIN,NL,36,152,135,17,33,9,1,5,15,1,2,14,35,.244,.322,.437,.759,99,59,2,2,0,1,0,53/DH,steersp01
448,Tyler Stephenson,26,CIN,NL,39,154,136,15,36,6,0,2,14,0,1,15,42,.265,.351,.353,.704,87,48,3,3,0,0,1,2D/3H,stephty01
449,Cal Stevenson*,26,SFG,NL,6,12,9,1,0,0,0,0,0,0,0,3,2,.000,.250,.000,.250,-22,0,0,0,0,0,0,/8,steveca01
450,Bryson Stott*,25,PHI,NL,37,166,157,12,44,8,0,2,12,4,1,7,29,.280,.313,.369,.683,89,58,3,1,0,1,0,*4/H,stottbr01
451,Kyle Stowers*,25,BAL,AL,13,29,26,1,2,0,0,0,0,0,0,3,8,.077,.172,.077,.249,-26,2,1,0,0,0,0,/97HD,stoweky01
452,Myles Straw,28,CLE,AL,38,143,124,14,28,5,0,0,9,9,1,15,27,.226,.312,.266,.578,66,33,2,1,2,1,0,*8,strawmy01
453,Garrett Stubbs*,30,PHI,NL,9,29,27,2,5,1,0,0,2,0,0,1,9,.185,.241,.222,.464,30,6,0,1,0,0,0,/2H,stubbga01
454,Eugenio Suárez,31,SEA,AL,39,169,147,14,32,5,0,3,19,1,1,18,48,.218,.314,.313,.627,79,46,3,3,0,1,0,*5/D,suareeu01
455,Brett Sullivan*,29,SDP,NL,12,28,27,3,5,2,0,1,4,0,0,1,6,.185,.214,.370,.585,62,10,0,0,0,0,0,2/H,sullibr01
456,Jack Suwinski*,24,PIT,NL,33,122,100,11,23,5,0,7,20,5,1,19,40,.230,.352,.490,.842,130,49,0,1,0,2,0,*89/7H,suwinja01
457,Seiya Suzuki,28,CHC,NL,27,112,97,9,26,6,1,1,11,0,2,13,26,.268,.357,.381,.739,104,37,3,1,0,1,1,9/DH,suzukse01
458,Dansby Swanson,29,CHC,NL,38,175,149,23,41,10,0,3,15,3,1,26,41,.275,.383,.403,.786,117,60,2,0,0,0,0,*6,swansda01
459,Raimel Tapia*,29,BOS,AL,26,57,50,10,12,3,0,1,7,4,1,6,12,.240,.321,.360,.681,85,18,0,0,0,0,0,H/789,tapiara01
460,Fernando Tatis Jr.,24,SDP,NL,20,94,90,12,25,4,0,5,11,1,1,4,20,.278,.309,.489,.797,122,44,0,0,0,0,0,9,tatisfe02
461,Leody Taveras#,24,TEX,AL,26,102,91,15,28,7,1,1,12,4,3,8,22,.308,.366,.440,.806,123,40,0,1,1,1,0,8/DH,taverle01
462,Chris Taylor,32,LAD,NL,31,104,94,16,19,4,1,7,17,3,0,7,37,.202,.269,.489,.759,99,46,1,2,0,1,0,6/57H48D,tayloch03
463,Michael A. Taylor,32,MIN,AL,36,106,98,12,23,3,0,4,12,6,0,5,35,.235,.286,.388,.673,86,38,1,2,1,0,0,*8/H,taylomi02
464,Tyrone Taylor,29,MIL,NL,11,34,33,3,7,0,0,1,3,4,0,0,5,.212,.206,.303,.509,39,10,4,0,0,1,0,9/8H,tayloty01
465,Rowdy Tellez*,28,MIL,NL,35,137,119,17,29,4,0,10,23,0,0,16,34,.244,.328,.529,.858,133,63,7,0,0,2,1,*3/DH,tellero01
466,Matt Thaiss*,28,LAA,AL,22,62,52,10,16,2,0,1,7,0,0,7,14,.308,.403,.404,.807,123,21,0,2,0,1,0,2/HD,thaisma01
467,Alek Thomas*,23,ARI,NL,37,119,109,14,22,5,2,2,10,3,1,8,27,.202,.261,.339,.600,65,37,3,1,0,1,0,*8/H,thomaal01
468,Lane Thomas,27,WSN,NL,36,152,139,21,38,4,1,4,18,3,1,10,39,.273,.329,.403,.732,107,56,1,2,0,1,0,*9/1,thomala02
469,Bubba Thompson,25,TEX,AL,25,51,46,9,8,4,1,0,3,4,1,4,15,.174,.240,.304,.544,50,14,0,0,1,0,0,7/H8D9,thompbu01
470,Trayce Thompson,32,LAD,NL,27,68,56,10,7,0,0,4,11,0,0,11,30,.125,.279,.339,.619,66,19,0,1,0,0,0,87H/9D,thomptr01
471,Justin Topa,32,SEA,AL,1,0,0,0,0,0,0,0,0,0,0,0,0,,,,,,0,0,0,0,0,0,1,topaju01
472,Spencer Torkelson,23,DET,AL,37,154,140,13,33,8,0,3,17,1,0,9,30,.236,.286,.357,.643,80,50,2,2,0,3,1,*3,torkesp01
473,Luis Torrens,27,CHC,NL,13,22,20,1,5,1,0,0,3,0,0,1,8,.250,.318,.300,.618,72,6,0,1,0,0,0,/DH27,torrelu01
474,Gleyber Torres,26,NYY,AL,40,166,142,24,35,8,1,6,19,5,4,22,21,.246,.343,.444,.787,117,63,4,0,0,2,0,*4/DH,torregl01
475,Ezequiel Tovar,21,COL,NL,37,137,129,18,29,9,1,2,18,1,1,6,37,.225,.270,.357,.627,62,46,2,2,0,0,0,*6,tovarez01
476,Taylor Trammell*,25,SEA,AL,9,25,20,4,3,0,0,2,7,0,1,5,9,.150,.320,.450,.770,115,9,1,0,0,0,0,/7D8H,trammta01
477,Alan Trejo,27,COL,NL,28,80,76,6,19,5,0,0,10,2,0,2,18,.250,.266,.316,.582,51,24,1,0,1,1,0,4/56H1,trejoal01
478,Jose Trevino,30,NYY,AL,27,91,85,9,18,2,0,3,11,0,0,6,11,.212,.264,.341,.605,67,29,4,0,0,0,0,2/H,trevijo01
479,Chadwick Tromp,28,ATL,NL,6,16,16,1,2,1,0,0,1,0,0,0,7,.125,.125,.188,.313,-16,3,0,0,0,0,0,/2,trompch01
480,Mike Trout,31,LAA,AL,37,169,147,28,41,10,0,8,20,0,0,17,46,.279,.367,.510,.877,138,75,0,4,0,1,1,*8/D,troutmi01
481,Kyle Tucker*,26,HOU,AL,39,163,137,16,36,5,0,6,25,6,1,21,25,.263,.354,.431,.785,115,59,4,0,0,3,2,*9/D,tuckeky01
482,Brice Turang*,23,MIL,NL,36,112,104,12,25,3,0,2,9,5,1,8,33,.240,.295,.327,.622,73,34,2,0,0,0,0,*4/H6,turanbr02
483,Justin Turner,38,BOS,AL,40,173,147,23,40,9,0,3,14,2,0,20,24,.272,.370,.395,.765,108,58,3,4,0,2,0,*D3/4H5,turneju01
484,Trea Turner,30,PHI,NL,39,176,164,24,42,8,2,4,10,5,0,12,45,.256,.307,.402,.709,95,66,1,0,0,0,2,*6/D,turnetr01
485,Luis Urías,26,MIL,NL,1,4,4,0,0,0,0,0,0,0,0,0,0,.000,.000,.000,.000,-100,0,0,0,0,0,0,/5,uriaslu01
486,Ramón Urías,29,BAL,AL,30,112,97,12,27,7,0,1,16,2,1,11,29,.278,.375,.381,.756,114,37,2,4,0,0,0,5/4HD3,uriasra01
487,Gio Urshela,31,LAA,AL,36,139,135,16,39,3,0,1,13,1,2,4,23,.289,.309,.333,.643,77,45,6,0,0,0,0,35/64H,urshegi01
488,Enmanuel Valdez*,24,BOS,AL,15,47,45,5,14,3,0,2,7,3,1,1,12,.311,.340,.511,.852,127,23,1,1,0,0,0,4/H,valdeen01
489,Ildemaro Vargas#,31,WSN,NL,10,26,24,3,7,1,1,0,5,0,0,1,1,.292,.320,.417,.737,107,10,3,0,1,0,0,/4675H,vargail01
490,Miguel Vargas,23,LAD,NL,38,145,122,18,26,8,2,4,19,2,0,20,28,.213,.326,.410,.736,97,50,0,1,0,1,0,*4/H3D,vargami01
491,Daulton Varsho*,26,TOR,AL,38,159,141,18,32,7,0,6,16,6,0,14,38,.227,.302,.404,.706,96,57,1,2,0,2,0,*78,varshda01
492,Andrew Vaughn,25,CHW,AL,40,175,153,17,37,12,1,4,29,0,0,17,35,.242,.331,.412,.743,104,63,8,4,0,1,0,*3/D,vaughan01
493,Terrin Vavra*,26,BAL,AL,16,32,26,6,6,0,0,0,0,0,0,4,8,.231,.333,.231,.564,63,6,2,0,2,0,0,/9HD745,vavrate01
494,Christian Vázquez,32,MIN,AL,27,95,85,10,18,3,0,0,7,0,0,9,25,.212,.284,.247,.531,51,21,1,0,0,1,0,2/3H,vazquch01
495,Nelson Velázquez,24,CHC,NL,13,32,29,8,7,2,0,3,6,0,0,3,8,.241,.313,.621,.933,149,18,1,0,0,0,0,/DH987,velazne01
496,Alex Verdugo*,27,BOS,AL,39,172,154,31,46,12,1,5,18,3,0,14,24,.299,.372,.487,.859,131,75,4,4,0,0,1,*9/H,verdual01
497,Matt Vierling,26,DET,AL,34,128,119,10,27,6,0,2,10,4,4,7,31,.227,.281,.328,.609,71,39,1,2,0,0,0,*9/7H854,vierlma01
498,David Villar,26,SFG,NL,30,100,88,10,13,3,0,4,11,1,1,8,33,.148,.240,.318,.558,53,28,1,3,0,1,0,4/5HD3,villada01
499,Meibrys Viloria*,26,CLE,AL,10,4,3,0,0,0,0,0,0,0,0,1,0,.000,.250,.000,.250,-21,0,1,0,0,0,0,2,vilorme01
500,Daniel Vogelbach*,30,NYM,NL,31,95,78,7,20,4,0,2,13,0,0,17,23,.256,.389,.385,.774,117,30,1,0,0,0,0,D/H,vogelda01
501,Luke Voit,32,MIL,NL,22,74,68,5,15,3,0,0,4,2,0,4,27,.221,.284,.265,.548,54,18,3,2,0,0,0,3D/H,voitlu01
502,Anthony Volpe,22,NYY,AL,41,161,143,17,30,3,2,5,15,13,0,18,46,.210,.298,.364,.662,83,52,1,0,0,0,0,*6/H,volpean01
503,Jason Vosler*,29,CIN,NL,20,65,62,6,10,2,1,3,10,0,0,3,25,.161,.200,.371,.571,47,23,0,0,0,0,0,3/51H,vosleja01
504,LaMonte Wade Jr.*,29,SFG,NL,37,141,108,17,30,4,1,7,14,1,0,27,25,.278,.439,.528,.967,166,57,0,4,2,0,0,37/9H8,wadela01
505,Tyler Wade*,28,OAK,AL,10,16,13,1,1,0,0,0,0,4,0,3,8,.077,.250,.077,.327,1,1,0,0,0,0,0,/H6579D,wadety01
506,Christian Walker,32,ARI,NL,38,158,143,23,38,8,0,9,28,1,0,11,28,.266,.316,.510,.827,125,73,4,1,0,3,1,*3/DH,walkech02
507,Jordan Walker,21,STL,NL,20,78,73,8,20,3,0,2,11,2,0,3,20,.274,.321,.397,.718,100,29,0,2,0,0,0,9/H,walkejo02
508,Chad Wallach,31,LAA,AL,10,31,30,5,8,1,0,2,6,0,0,1,7,.267,.290,.500,.790,112,15,1,0,0,0,0,2,wallach01
509,Matt Wallner*,25,MIN,AL,6,11,8,1,0,0,0,0,0,0,1,1,4,.000,.273,.000,.273,-14,0,0,2,0,0,0,/9,wallnma01
510,Taylor Walls#,26,TBR,AL,30,106,92,21,24,4,1,6,14,6,0,13,23,.261,.358,.522,.880,147,48,1,1,0,0,0,54/H6,wallsta01
511,Taylor Ward,29,LAA,AL,39,168,146,24,34,4,0,4,15,1,1,17,35,.233,.321,.342,.664,83,50,3,3,0,2,0,*7/H,wardta01
512,Joey Wendle*,33,MIA,NL,10,29,28,1,3,1,2,0,2,0,0,1,7,.107,.138,.286,.424,13,8,0,0,0,0,0,/6H,wendljo01
513,Eli White,29,ATL,NL,6,17,14,1,1,0,0,0,0,0,0,2,7,.071,.235,.071,.307,-11,1,0,1,0,0,0,/8H,whiteel04
514,Joey Wiemer,24,MIL,NL,38,128,116,13,24,7,0,3,12,5,1,11,31,.207,.273,.345,.618,70,40,1,0,0,1,0,*89/7,wiemejo01
515,Luke Williams,26,LAD,NL,4,10,10,0,1,0,0,0,0,1,0,0,3,.100,.100,.100,.200,-46,1,0,0,0,0,0,/61H,willilu01
516,Jesse Winker*,29,MIL,NL,27,92,76,9,17,3,0,0,12,0,0,12,20,.224,.348,.263,.611,73,20,0,3,0,1,0,D/H9,winkeje01
517,Patrick Wisdom,31,CHC,NL,34,136,117,25,29,4,1,12,23,2,0,17,46,.248,.348,.607,.955,156,71,3,1,1,0,0,5/D9H37,wisdopa01
518,Brett Wisely*,24,SFG,NL,20,52,49,3,8,1,0,1,3,2,0,2,12,.163,.196,.245,.441,21,12,0,0,1,0,0,8/4,wiselbr01
519,Bobby Witt,23,KCR,AL,40,176,167,25,38,6,4,6,15,12,2,9,37,.228,.267,.419,.686,86,70,2,0,0,0,0,*6/DH,wittbo02
520,Connor Wong,27,BOS,AL,29,91,84,13,20,6,0,4,11,1,1,5,27,.238,.289,.452,.741,97,38,1,1,1,0,0,*2/H,wongco01
521,Kolten Wong*,32,SEA,AL,29,98,86,9,16,2,0,0,8,0,1,8,22,.186,.276,.209,.485,40,18,0,3,0,1,0,*4/H,wongko01
522,Austin Wynns,32,TOT,NL,9,23,19,2,4,1,0,0,5,0,0,3,10,.211,.304,.263,.568,54,5,0,0,0,1,0,/2,wynnsau01
523,Austin Wynns,32,SFG,NL,1,2,2,0,0,0,0,0,0,0,0,0,2,.000,.000,.000,.000,-100,0,0,0,0,0,0,/2,wynnsau01
524,Austin Wynns,32,LAD,NL,5,12,11,0,2,1,0,0,2,0,0,1,5,.182,.250,.273,.523,41,3,0,0,0,0,0,/2,wynnsau01
525,Austin Wynns,32,COL,NL,3,9,6,2,2,0,0,0,3,0,0,2,3,.333,.444,.333,.778,108,2,0,0,0,1,0,/2,wynnsau01
526,Mike Yastrzemski*,32,SFG,NL,25,102,96,16,28,7,0,5,14,0,2,5,24,.292,.333,.521,.854,132,50,1,1,0,0,0,8/79,yastrmi01
527,Christian Yelich*,31,MIL,NL,38,163,145,30,37,4,0,6,21,8,0,16,39,.255,.337,.407,.744,106,59,3,2,0,0,1,*7/HD,yelicch01
528,Juan Yepez,25,STL,NL,8,25,24,3,6,0,0,1,1,0,0,1,5,.250,.280,.375,.655,82,9,0,0,0,0,0,/7DH,yepezju01
529,Masataka Yoshida*,29,BOS,AL,33,146,127,23,39,7,0,6,24,2,0,15,15,.307,.390,.504,.894,141,64,4,3,0,1,0,7D,yoshima02
530,Seby Zavala,29,CHW,AL,24,63,60,6,10,1,0,2,5,1,0,3,22,.167,.206,.283,.490,33,17,2,0,0,0,0,2/H,zavalse01
531,Mike Zunino,32,CLE,AL,26,91,78,7,14,7,0,2,7,0,0,12,40,.179,.297,.346,.643,81,27,0,1,0,0,0,2,zuninmi01
,LgAvg per 600 PA,,,,164,600,534,72,132,27,2,18,69,11,3,53,136,.247,.320,.406,.726,,217,11,7,2,4,1,,-9999